name,website
Self,https://self.inc/
Twelve Benefit,https://twelve.co/
Owlet Baby Care,https://owletcare.com/
PillPack,https://pillpack.com/
Kepler Communications,https://kepler.space/
StatMuse,https://statmuse.com/
Damon Motorcycles,https://damon.com/
Broadlume,https://broadlume.com/
Lifebit Biotech,https://lifebit.ai/
Project Canary,https://projectcanary.com/
Solstice,https://solstice.us/
Bevi,https://bevi.co/
Own Up,https://ownup.com/
Tasso,https://tassoinc.com/
Sphero,https://sphero.com/
TomoCredit,https://tomocredit.com/
Vita Inclinata,https://vitatech.co/
LevelTen Energy,https://leveltenenergy.com/
Bark,https://bark.us/
Ergatta,https://ergatta.com/
Pixxel,https://pixxel.space/
Plated,https://plated.com/
Mast Reforestation,https://mastreforest.com/
Trust & Will,https://trustandwill.com/
QuSecure,https://qusecure.com/
Morty,https://morty.com/
Metro Africa Xpress,https://max.ng/
Ground,https://ground.news/
Kencko Foods,https://kencko.com/
Hydro Wind Energy,https://hw.energy/
Arrived,https://arrived.com/
PadSplit,https://padsplit.com/
Freight Farms,https://freightfarms.com/
Cloudability,https://cloudability.com/
Simple Energy,https://simpleenergy.com/
TRED,https://tred.com/
SparkCharge,https://sparkcharge.io/
Orbit Fab,https://orbitfab.com/
PathSpot,https://pathspot.com/
Sporttrade,https://getsporttrade.com/
The Helper Bees,https://thehelperbees.com/
NutriSense,https://nutrisense.io/
Nautilus Labs,https://nautiluslabs.com/
LearnPlatform,https://learnplatform.com/
Skiptown,https://skiptown.io/
Fig,https://figloans.com/
Trellis Research,https://trellis.law/
Smallhold,https://smallhold.com/
Traive,https://traivefinance.com/
Morpheus Space,https://morpheus-space.com/
Stockly,https://stockly.ai/
Distil Networks,https://distilnetworks.com/
Atomos Space,https://atomosspace.com/
Ara,https://arascreens.com/
Kover,https://koverco.com/
Player's Health,https://playershealth.com/
Fly By Jing,https://flybyjing.com/
Cogni,https://getcogni.com/
Twelve Labs,https://twelvelabs.io/
Endel,https://endel.io/
Ampaire,https://ampaire.com/
2ULaundry,https://2ulaundry.com/
Green Eye Technology,https://greeneye.ag/
Polywork,https://polywork.com/
Sea Machines Robotics,https://sea-machines.com/
Overstory,https://20tree.ai/
Humanising Autonomy,https://humanisingautonomy.com/
Wakeo,https://wakeo.co/
Wagmo,https://wagmo.io/
Ephemeral Solutions,https://ephemeraltattoos.com/
Symbl.ai,https://rammer.ai/
Regard,https://withregard.com/
Neurala,https://neurala.com/
Involve.AI,https://involvesoft.com/
Material Evolution,https://materialevolution.co.uk/
HAAS Alert,https://haasalert.com/
Stackin',https://startstackin.com/
LawnStarter,https://lawnstarter.com/
Zeno Power Systems,https://zenopowersystems.com/
Altru,https://altrulabs.com/
Hawthorne,https://hawthorne.co/
TiLT,https://ourtilt.com/
PLANETARIANS,https://planetarians.com/
Hydrosat,https://hydrosat.com/
Mainstay,https://admithub.com/
lovepop,https://lovepopcards.com/
Pana,https://pana.com/
The Clear Cut,https://theclearcut.co/
Nimbla,https://nimbla.com/
Nix,https://nixbiosensors.com/
Azuqua,https://azuqua.com/
WattBuy,https://wattbuy.com/
Hidrate,https://hidratespark.com/
PlayQ,https://playq.com/
Roll,https://tryroll.com/
Kapost,https://kapost.com/
EcoPlant,https://ecoplant.co/
Valence Discovery,https://valencediscovery.com/
Phoenix Tailings,https://phoenixtailings.com/
Kinvey,https://kinvey.com/
Warmly,https://getwarmly.com/
Upsie,https://upsie.com/
NewHomesMate,https://newhomesmate.com/
Grips Intelligence,https://gripsintelligence.com/
Seasats,https://seasats.com/
Voatz,https://voatz.com/
Anycart,https://anycart.com/
EcoG,https://ecog.io/
Slang,https://gablex.ai/
Liv,https://livpatch.co/
GoSpotCheck,https://gospotcheck.com/
Vector.ai,https://vector.ai/
Didimo,https://mydidimo.com/
Whole Surplus,https://wholesurplus.com/
Rootine,https://rootine.co/
Conservation Labs,https://conservationlabs.com/
EyeLights,https://eye-lights.com/
Target Arm,https://targetarm.com/
Best Food Trucks,https://bestfoodtrucks.com/
Vartega,https://vartega.com/
Flashfood,https://flashfood.com/
Obsess,https://obsessvr.com/
PartySlate,https://partyslate.com/
MealMe,https://mealme.ai/
Propagate Ventures,https://propagateventures.com/
Kinside,https://kinside.com/
Hosta a.i.,https://hosta.ai/
INURU,https://inuru.de/
Machinery Partner,https://machinerypartner.com/
Bifrost,https://bifrost.ai/
Silene Biotech,https://silenebiotech.com/
42Maru,https://42maru.ai/
Jiobit,https://jiobit.com/
Donut Media,https://donut.media/
Groover,https://groover.co/
KiddoWear,https://kiddowear.com/
Welcome,https://welcomecommerce.com/
Trala,https://trala.com/
Zogo Finance,https://zogofinance.com/
LayUp Technologies,https://layup.co.za/
Nori,https://nori.com/
Solestial,https://regher.com/
SafeHouse Technologies,https://safehousetech.com/
Treet,https://treet.co/
Base Operations,https://baseoperations.co/
Bitfusion,https://bitfusion.io/
Virgo,https://virgosvs.com/
TO THE MARKET,https://tothemarket.com/
Repeat,https://getrepeat.io/
Rad.,https://rad.live/
HData,https://hdata.us/
Cabinet Health,https://wearecabinet.com/
Backpack Healthcare,https://youmehealthcare.com/
Blockade Games,https://blockade.games/
Anything World,https://anything.world/
Stateless,https://bestateless.com/
VALID8 Financial,https://valid8.cash/
ReelData AI,https://reeldata.ai/
SwiftComply,https://swiftcomply.io/
Graphite Innovation and Technologies,https://grapheneenterprise.ca/
10% Happier: Meditation for Fidgety Skeptics,https://10percenthappier.com/
Smart Diagnostics Systems,https://smartdiagnosticssystems.com/
Tyffon,https://tyffon.com/
De-Ice,https://deice.io/
Automotus,https://automotus.co/
Daupler,https://daupler.com/
nFlux,https://nflux.ai/
Revolv,https://revolv.com/
Naborforce,https://naborforce.com/
Crowdz,https://crowdz.io/
Insent.ai,https://insent.ai/
Grubbly Farms,https://grubblyfarms.com/
Family First,https://family-first.com/
Goodr,https://goodr.co/
Civic Eagle,https://civiceagle.com/
UBIO Automation Cloud,https://ub.io/
SmartMind,https://smartmind.team/
Vake,https://vake.ai/
2NDNATURE,https://2ndnaturewater.com/
UpsideHoM,https://upsidehom.com/
LunarCrush,https://lunarcrush.com/
Realworld,https://realworldplaybook.com/
StarStreet,https://starstreet.com/
chowbotics,https://chowbotics.com/
Tennibot,https://tennibot.com/
Mani.Me,https://manime.co/
Interface Fluidics,https://interfacefluidics.com/
VeriTX,https://vertix.co/
BridgeCare Finance,https://getbridgecare.com/
Lunasonde,https://lunasonde.com/
Eversport,https://eversport.at/
Next Big Sound,https://nextbigsound.com/
Bitfinder,https://bitfinder.co/
Atlas5D,https://atlas5d.com/
Novo Space,https://novo.space/
Preveta,https://preveta.com/
Niricson Software,https://hrginfrastructure.com/
Studio,https://studio.com/
Ecolectro,https://ecolectro.com/
Buncha,https://runerra.com/
StormSensor,https://stormsensor.io/
Venteur,https://venteur.co/
PopCom,https://popcom.shop/
Wunderite,https://wunderite.com/
Vermeer,https://getvermeer.com/
Kayhan Space,https://kayhan.space/
ChangEd,https://gochanged.com/
Tutum,https://tutum.co/
Taylor & Hart,https://taylorandhart.com/
Project Admission,https://projectadmission.com/
theCut,https://thecut.co/
Credentially,https://drfocused.com/
Origin,https://originmarkets.com/
Max Retail,https://maxretail.com/
Sensei,https://sensei.tech/
AID:Tech,https://aid.technology/
Mosaic Manufacturing,https://mosaicmanufacturing.com/
Line Financial,https://useline.com/
Ganaz,https://ganazapp.com/
Stepsize,https://stepsize.com/
Mila,https://mila-learn.com/
i-Brain Tech,https://i-brain.tech/
MOLG,https://molg.ai/
hampr,https://tryhampr.com/
Savvly,https://savvly.com/
Echo Labs,https://echolens.xyz/
EdSights,https://edsights.io/
Balance,https://balance.ca/
CyberOwl,https://cyberowl.io/
Botanisol Analytics,https://botanisolanalytics.com/
Keepe,https://keepe.com/
VICI Sports,https://playvici.com/
TrojAI,https://troj.ai/
Crux OCM,https://cruxocm.com/
Medzoomer,https://medzoomer.com/
PierSight Space,https://piersight.space/
CleverPet,https://clever.pet/
Datarade,https://datarade.ai/
SkenarioLabs,https://skenariolabs.com/
Seed&Spark,https://seedandspark.com/
Inthegame,https://inthegame.io/
TRIDITIVE,https://triditive.com/
PairTree,https://pairtreefamily.com/
Spark Change,https://sparkchange.io/
PlayerData,https://playerdata.co.uk/
Scout,https://scout.space/
Stasis Labs,https://stasislabs.com/
Sheeva,https://sheeva.ai/
Phood Solutions,https://phoodsolutions.com/
Open Bionics,https://openbionics.com/
Cognitive Space,https://cognitivespace.com/
Lightstream,https://infiniscene.com/
Kriptos,https://kriptos.io/
Aunt Flow,https://goauntflow.com/
KitchenMate,https://kitchenmate.com/
Blue Fever,https://bluefever.com/
Cron Systems,https://cronsystems.com/
Natural Intelligence Systems,https://naturalsemi.com/
Poppy,https://poppyflowers.com/
Sēkr,https://thevanlifeapp.com/
Plentina,https://plentina.com/
ADstruc,https://adstruc.com/
Acclinate,https://acclinategenetics.com/
tbh,https://tbhtime.com/
Mocavo,https://mocavo.com/
Harvest Platform,https://growmyharvest.com/
Adopets,https://adopets.com/
Modal Living,https://livemodal.com/
Unreal Estate,https://unrealestate.com/
FutureFit AI,https://futurefit.ai/
MITO Material Solutions,https://mitomaterials.com/
Livsn Designs,https://livsndesigns.com/
Rescripted,https://bestshotcare.com/
Rise Robotics,https://riserobotics.com/
FitBark,https://fitbark.com/
Sheets & Giggles,https://sheetsgiggles.com/
Boson Motors,https://bosonmotors.com/
Imperson,https://imperson.com/
StoryFit,https://storyfit.com/
Noteworthy AI,https://noteworthy.ai/
OnSwipe,https://onswipe.com/
EcoMap Technologies,https://ecomap.tech/
Abe AI,https://abe.ai/
Prewitt Ridge,https://prewittridge.com/
RedWing Aerospace Laboratories,https://redwinglabs.in/
Pass It Down,https://passitdown.com/
Matcherino,https://matcherino.com/
OfColor,https://ofcolor.com/
Neu,https://neucleans.com/
Retrocausal,https://retrocausal.ai/
Covatic,https://covatic.com/
Heex Technologies,https://heex.io/
TalentQL,https://talentql.com/
Spitfire Athlete,https://spitfireathlete.com/
Splitty,https://splittytravel.com/
Paerpay,https://paerpay.com/
Fantasmo,https://fantasmo.io/
Nixtla,https://nixtla.io/
Howler,https://howler.co.za/
Diagon Technologies,https://diagontech.com/
AssetVault,https://asset-vault.com/
IndieFlow,https://indieflow.me/
7 Chord,https://7-chord.com/
Patient IO,https://patientio.com/
Clearstep,https://clearstep.health/
FTN Network,https://ftnnetwork.com/
Dotterel,https://dotterel.co.nz/
Fueloyal,https://fueloyal.com/
Remio,https://remiovr.com/
Radish Health,https://radish.health/
Baton Media,https://baton.media/
Resilient Power Systems,https://resilientpower.com/
Trelora,https://trelora.com/
Vitrue Health,https://vitruehealth.com/
Gales,https://weargales.com/
Bloomfilter,https://thebloomfilter.com/
Gradient Health,https://gradienthealth.ai/
EarBuds,https://earbudsmusic.com/
Inkblot Therapy,https://ink.inkblottherapy.com/
Rwazi,https://rwazi.com/
Veesual,https://veesual.ai/
Simplifyber,https://simplifyber.com/
Flecto,https://flecto.io/
Mentor Collective,https://shearwaterintl.com/
Waffle Labs,https://trywaffle.com/
555 Comic,https://fromeveryst.com/
Diem,https://askdiem.com/
Marlo Technologies,https://marlo.online/
Pipeline Equity,https://pipelineequity.com/
Aspinity,https://aspinity.com/
Manatee,https://getmanatee.com/
EasyWay Technologies,https://easyway.ai/
iambuddy.com,https://iambuddy.com/
VivorCare,https://vivorcare.com/
Geopipe,https://geopipe.ai/
NexLP,https://nexlp.com/
SPIDR Tech,https://spidrtech.com/
MorphL,https://morphl.ai/
Dash,https://dash-app.com/
Mint State Labs,https://mintstatelabs.com/
ProGrad,https://prograd.uk/
Science On Call,https://scienceoncall.com/
MDaaS Global,https://mdaas.io/
Pelikan Mobility,https://pelikan-mobility.com/
Con.doit,https://con-doit.com/
TheMonetizr,https://themonetizr.com/
University Startups,https://university-startups.com/
Poliloop,https://poliloop.com/
Kairos Sports Tech,https://kairostech.io/
Southie Autonomy,https://southieautonomyworks.com/
knowRX,https://knowrxhealth.com/
Olive Technologies,https://olive.gives/
Onward Delivery,https://onwarddelivery.com/
Zzish,https://zzish.com/
Flexia,https://flexiapilates.com/
Bippit,https://bippit.com/
Mindmate,https://citruslabs.com/
CaptureProof,https://captureproof.com/
Gimme Media,https://gimmeradio.com/
Lumos Helmet,https://lumoshelmet.co/
Hifi Finance,https://mainframe.co/
Module,https://modulehousing.com/
Rainway,https://rainway.io/
Atlas Wearables,https://atlaswearables.com/
Tozuda,https://tozuda.com/
Speedwell & Yarrow,https://speedwellandyarrow.com/
Qeepsake,https://qeepsake.com/
Salient Energy,https://salientenergy.ca/
Dispatch Goods,https://dispatchgoods.com/
hobbyDB,https://hobbydb.com/
Pillar Technologies,https://pillar.tech/
Alena,https://my-aya.co/
Kapsul,https://kapsulair.com/
Tone,https://savemysales.co/
Decorte Future Industries,https://decortefutureindustries.com/
Fincura,https://fincura.com/
muffin,https://getmuffin.de/
Butterfly Labs,https://butterflylabs.co/
Codeship,https://codeship.com/
Analytical Flavor Systems,https://gastrograph.com/
Mine'd,https://doyoumined.com/
OneScreen AI,https://onescreen.ai/
Spoon University,https://spoonuniversity.com/
Plannly,https://plann.ly/
Spora Health,https://sporahealth.com/
Options MD,https://optionsmd.com/
WePlayed,https://weplayed.com/
Iomob,https://iomob.net/
NeuralSpace,https://neuralspace.ai/
Muse Finance,https://getmymuse.com/
Volta,https://volta-xr.com/
TVbeat,https://tvbeat.com/
EveryMove,https://everymove.org/
The Sun Exchange,https://thesunexchange.com/
SPLT,https://splt.io/
HelioRec,https://heliorec.com/
Senso.ai,https://senso.ai/
Cast Corporation,https://cast.app/
Sensefinity,https://sensefinity.com/
YearOne,https://joinyearone.io/
Novel Effect,https://noveleffect.com/
Partsimony,https://partsimony.com/
A Retail Space,https://aretailspace.com/
kelaHealth,https://kelahealth.com/
Stabilitas,https://stabilitas.io/
Augur,https://augur.io/
Booqed,https://booqed.com/
Toolsvilla,https://toolsvilla.com/
Mineral Forecast,https://en.mineralforecast.com/
FindMeCure,https://findmecure.com/
Vanora AS,https://vesseladmin.com/
Rainwalk Technology,https://rainwalk.io/
Miuros,https://miuros.com/
Babbly,https://babbly.co/
Mesodyne,https://mesodyne.com/
Dimeq,https://dimeq.no/
Clicktivated,https://clicktivated.com/
Resultid,https://resultid.com/
StoreCash,https://storecashapp.com/
CarServ,https://carserv.com/
Renoster Systems,https://renostersystems.co/
Ground AI,https://joinground.com/
FeezBack,https://feezback.com/
Shelby.tv,https://shelby.tv/
Velocia,https://velocia.io/
Curated for You,https://dearduck.com/
YOURIKA,https://yourika.ai/
SIEMonster,https://siemonster.com/
BYBE,https://bybe.com/
Storetasker,https://storetasker.com/
Lingco Language Labs,https://lingco.io/
Season Share,https://seasonshare.com/
WOO Sports,https://woosports.com/
Valyuu,https://valyuu.com/
taptrip.co,https://taptrip.co/
Ambee,https://getambee.com/
Blue Studios,https://bluestudios.io/
EQL Finance,https://eqlfinance.com/
Viva Equity Fund,https://viva.fund/
MaxRewards,https://maxrewards.com/
KITRO,https://kitro.ch/
Hormona,https://hormona.io/
Relatable.io,https://relatable.io/
Cabinet,https://joincabinet.com/
OpenSauced,https://opensauced.pizza/
Avenews,https://avenews-gt.com/
omniX labs,https://omnixlabs.com/
Pulse Labs,https://pulselabs.ai/
Pitch Aeronautics,https://pitchaero.com/
Aquifer Motion,https://aquifermotion.com/
Go To-U,https://go-tou.com/
docTrackr,https://doctrackr.com/
WizzPass,https://wizzpass.com/
VendorHawk,https://vendorhawk.co/
Shurpa,https://shurpa.com/
Green Canopy NODE,https://greencanopynode.com/
SATIM,https://satim.pl/
Three Wheels United,https://threewheelsunited.com/
Garmentory,https://garmentory.com/
Haven Connect,https://havenconnect.com/
graphenest.com,https://graphenest.com/
EmbodyMe,https://company.embodyme.com/
DwellSocial,https://dwellsocial.com/
EDGE Sound Research,https://edgesoundresearch.com/
Placemeter,https://placemeter.com/
Cooklist,https://cooklist.co/
Dobby,https://halosinsurance.com/
Improovy,https://improovy.com/
Peer Robotics,https://peerrobotics.ai/
BIZZON,https://agentcash.com/
Kidas,https://getkidas.com/
Cloverleaf AI,https://cloverleaf.ai/
Every Mother,https://every-mother.com/
MemoryWell,https://memorywell.com/
Sourcery.AI,https://sourcery.ai/
Peerby,https://peerby.com/
Gravel AI,https://gravelai.com/
Team Wildfire,https://teamwildfire.com/
gameSense Sports,https://gamesensesports.com/
Game Theory,https://gametheory.in/
Reveal,https://revealchat.com/
Homeppl,https://homeppl.com/
Orbiseed,https://orbiseed.com/
Eversend,https://eversend.co/
Lauretta.io,https://lauretta.io/
Hellotickets,https://hellotickets.com/
Hollo,https://hollo.io/
Lovys,https://lovys.com/
Rely.io,https://rely.io/
AddStructure,https://addstructure.com/
Smart Toy,https://smarttoylabs.com/
Doorr,https://doorr.com/
Cnergreen,https://cnergreen.ca/
2E1B LAB,https://aircassie.com/
The Crafter's Box,https://thecraftersbox.com/
VitalFlo,https://vitalflohealth.com/
Renewal Mill,https://renewalmill.com/
Pretred,https://pretred.com/
Uhura Solutions,https://uhurasolutions.com/
Astro,https://hellotwist.com/
FlexPoint,https://getflexpoint.com/
Riverse,https://riverse.io/
Riders Share,https://riders-share.com/
Dapple Security,https://dapplesecurity.com/
Circa Labs,https://wearecirca.com/
Kodex AI,https://kodex-ai.com/
Todooly,https://todooly.com/
Robbie AI,https://robbie.ai/
Drugviu,https://drugviu.com/
Brizi,https://brizicam.com/
Fabrica,https://fabrica.land/
TicTacTrip,https://tictactrip.eu/
Hive Power,https://hivepower.tech/
Wisear,https://wisear.io/
Eneryield,https://eneryield.com/
AQUAOSO Technologies,https://aquaoso.com/
Dynepic,https://dynepic.com/
Sunairio,https://sunairio.com/
Entertainment Intelligence,https://ent-intell.com/
ServeScape,https://servescape.net/
Afloat,https://afloat.life/
Cargofive,https://cargofive.com/
Fave,https://faveforfans.com/
Assemblr,https://assemblrworld.com/
Vitae Industries,https://vitaeindustries.com/
Benny,https://rootedlending.com/
PenPal Schools,https://penpalschools.com/
sees.ai,https://sees.ai/
Wisk Solutions,https://wisksolutions.com/
PanOpen,https://panopen.com/
HILOS,https://hilos.co/
Zohr,https://zohr.com/
Tribe XR,https://tribexr.com/
Notedsource,https://notedsource.io/
Smiletronix,https://smiletronix.com/
Upward Financial,https://upwardli.com/
Wattmore,https://wattmore.com/
ckbk,https://ckbk.com/
SpexAI,https://spexai.com/
Liquid Diamonds,https://liquid.diamonds/
Inclusivv,https://inclusivv.co/
Gelatex,https://gela-tex.com/
Sailo,https://sailo.com/
Ampd,https://ampd.io/
Visual Feeder,https://visualfeeder.com/
myTamarin,https://mytamarin.com/
TruSpin Nanomaterial Innovation,https://tru-spin.com/
EIO Diagnostics,https://eiodiagnostics.com/
BrainSpec,https://brainspecmed.com/
Sequr,https://sequr.io/
Beyonic,https://beyonic.com/
Trailze,https://trailze.com/
Talk-A-Bot,https://talkabot.net/
PsycApps,https://psycapps.com/
WalkWise,https://walkwise.com/
andMe,https://andmeapp.com/
Halion,https://halion.ca/
GameOn,https://gameon.app/
Popp,https://joinpopp.com/
Banjo Robinson,https://banjorobinson.com/
Revealix,https://revealix.com/
COMMUNITYx,https://communityx.com/
CAALA,https://caala.de/
SoBet,https://sobet.io/
SympliFi,https://symplifi.co.uk/
Albert Health,https://albert.health/
ModernGuild,https://modernguild.com/
KptnCook,https://kptncook.com/
Crave Retail,https://craveretail.com/
Vivoo,https://vivoo.io/
Sensible Object,https://sensibleobject.com/
Socialthing,https://socialthing.com/
reTravel.io,https://retravel.io/
CaribShopper,https://app.caribshopper.com/
Unruly Studios,https://unruly-studios.com/
Lupa,https://lupa.run/
Wiseair,https://wiseair.vision/
Captain AI,https://captain.ai/
Troglo,https://troglo.io/
Local Crate,https://localcratemeals.com/
hexafarms,https://hexafarms.com/
Crosscope,https://crosscope.com/
Photocert,https://photocert.co.uk/
The Porch Pod,https://theporchpod.com/
Final,https://getfinal.com/
SideTour,https://sidetour.com/
SustAnalyze,https://sustanalyze.com/
Wildnote,https://wildnoteapp.com/
Labby,https://labbyinc.com/
Swym,https://swym.it/
Sitter,https://sitter.me/
Yoona.ai,https://yoona-tech.com/
Hoovu Fresh,https://hoovufresh.com/
MD Ally,https://mdally.com/
FundMiner,https://fundminer.com/
Ateios,https://ateios.com/
MedPilot,https://medpilot.com/
Ambie,https://ambie.fm/
Fit!,https://macrofit.co/
School Space,https://school-space.org/
Edify Technologies,https://edify.co/
Stryd,https://stryd.com/
Whitebalance,https://whitebalance.co/
F-Drones,https://f-drones.com/
Piction Health,https://lumindx.com/
River Health,https://joinmountain.com/
RootNote,https://rootnote.co/
Elektrik App,https://elektrikapp.com/
Ubersense,https://ubersense.com/
PhoneWagon,https://phonewagon.com/
Clutch Prep,https://clutchprep.com/
AirFox,https://airfox.io/
DailyBurn,https://dailyburn.com/
TENX Pro,https://tenxpro.com/
GoodApril,https://goodapril.com/
West tenth,https://wtenth.com/
Avvay,https://avvay.com/
Irys,https://cityflag.co/
Nicolette,https://nicolette.com/
Equipment Connect,https://equipmentconnect.co.uk/
Volteum,https://volteum.io/
TonDon,https://tondone.com/
Vumo AI,https://vumo.ai/
Trillbit,https://trillbit.com/
BlockAviation,https://blockaviation.com/
Findmeashoe,https://findmeashoe.in/
Senexx,https://senexx.com/
Graphicly,https://graphicly.com/
Trudenty,https://trudenty.com/
Louis,https://louis.design/
Honest Jobs,https://honestjobs.co/
Everyday Life Insurance,https://everydaylifeinsurance.com/
Queen of Raw,https://queenofraw.com/
Ankra AB,https://ankra.io/
Homebuyer,https://homebuyer.com/
Switchboard Live,https://switchboard.live/
Litographs,https://litographs.com/
Jintronix,https://jintronix.com/
Lightning Social Ventures,https://lightningreach.org/
Verbz,https://verbz.ai/
Infinit,https://infinit.sh/
CuePath Innovation,https://cuepath.io/
Melon Health,https://melonhealth.com/
NBD Nano,https://nbdnano.com/
Lean Startup Machine,https://javelin.com/
Akara Robotics,https://akara.ai/
Deepflow AI,https://deepflow.ai/
Carbon Limit,https://carbonlimit.com/
Ordercube,https://ordercube.de/
Daitum,https://daitum.com/
Bountifarm,https://bountifarm.com/
Twigtale,https://twigtale.com/
Sensorscall,https://sensorscall.com/
Card Isle,https://cardisle.com/
OKO,https://oko.finance/
Candoo Tech,https://candootech.com/
College Contact,https://sophieconsults.com/
Spruce Labs,https://sprucelabs.ai/
It's By U,https://itsbyu.com/
SAWA,https://sawa.ai/
MetricsHub,https://metricshub.com/
Digital Medical Tech,https://digitalmedical.tech/
Boldr,https://shopboldr.com/
Courtsdesk,https://courtsdesk.com/
EMOTAI,https://emotai.tech/
AZmed,https://azmed.co/
trace,https://trace.tech/
Lullaai,https://lullaai.com/
Prolific Works,https://prolificworks.com/
Natufia Labs,https://natufia.com/
Equo,https://equointl.com/
ReVert Technologies,https://revert-tech.com/
Arextech,https://arex.technology/
Stance Fitness,https://stancehome.com/
BallBox,https://playballbox.com/
Untied,https://untied.io/
Multy,https://multy.dev/
Concert Finance,https://concertfinance.com/
Flybridge Holdings,https://qwyk.io/
neuroLytixs,https://neurolytixs.com/
VIAR,https://viar.si/
Blueprint Registry,https://blueprintregistry.com/
FanSifter,https://fansifter.com/
Rocket Innovations,https://getrocketbook.com/
Alpin,https://alpin.io/
PROFIT,https://swipedom.com/
Mapkin,https://mapkin.co/
Fluffy,https://joinfluffy.com/
Syncify,https://syncifyapp.com/
Bean,https://usebean.com/
Portabl.co,https://portabl.co/
Strobe,https://strobelabs.com/
Coworks,https://coworksapp.com/
Thread Genius,https://threadgenius.co/
Vizify,https://vizify.com/
f3nice,https://f3nice.com/
ReTel Technologies,https://reteltechnologies.com/
Mondaycar,https://hiveway.co/
Captain's Eye,https://captain-eye.com/
Haptic,https://knocki.com/
Vidmaker,https://vidmaker.com/
SURVIVR,https://survivr.com/
OmniPreSense Corporation,https://omnipresense.com/
Goally,https://goally.co/
Spill,https://spillnow.com/
Funeria,https://funeria.de/
SOMM'IT,https://somm-it.com/
Memoir,https://yourmemoir.com/
Sealution,https://sealution.io/
Filtrbox,https://filtrbox.com/
Smunch,https://smunch.co/
SIQ Basketball,https://siqbasketball.com/
MEDIjobs,https://medijobs.ro/
Elite Personal Chefs,https://elitepersonalchefs.com/
Parsempo,https://parsempo.com/
Medeo-health,https://medeo-health.com/
Ranku,https://goranku.com/
Pippa,https://pippa.io/
Zendoc,https://zendoc.com/
Nexosis,https://nexosis.com/
Glider,https://glider.com/
Bellwethr,https://bellwethr.com/
Highlighter,https://highlighter.com/
Seated,https://seated.com/
HeyAxel,https://heyaxel.com/
Gini Health,https://ginihealth.com/
FEM,https://fem-inc.com/
HomeBinder,https://homebinder.com/
IQID Technology,https://iqid.io/
AUDIT XPRT,https://auditxprt.com/
Cognotion,https://cognotion.com/
GoSave,https://gosavehq.com/
PowerMarket,https://powermarket.ai/
SeeO2 Energy,https://seeo2energy.com/
Glimr,https://glimr.io/
Lactation Lab,https://lactationlab.com/
SimbaPay,https://simbapay.com/
InsureTax,https://insure.tax/
Gybe,https://gybe.eco/
Pluto,https://heypluto.com/
Seer Aerospace,https://seeraerospace.com/
Phyla,https://phyla.ai/
Vincere Health,https://vincere.health/
Flomio,https://flomio.com/
14bis Supply Tracking,https://14bis.aero/
Van Robotics,https://abiis-world.com/
SeaErra,https://seaerra-vision.com/
DealAngel,https://dealangel.com/
CashDirector,https://cashdirector.com/
Eddy Travels,https://eddytravels.com/
Trio Financial Technologies,https://trioapp.com/
Experiment Engine,https://experimentengine.com/
Conspire,https://conspire.com/
Zilper Trenchless,https://zilpertrenchless.com/
DirecTech Labs,https://directechlabs.com/
Shelf.Network,https://shelf.network/
Amper Music,https://ampermusic.com/
Rapt Media,https://raptmedia.com/
Reflect,https://reflect.io/
Captimo,https://captimo.com/
Validated,https://validated.co/
ICM Hub,https://icmhub.com/
OjaExpress,https://ojaexpress.com/
Shoppermotion,https://proximus.io/
Roximity,https://roximity.com/
Unidentified Landed Object,https://ulo.world/
Strangeloop Studios,https://strangeloop-studios.com/
splashmob,https://splashmob.app/
Fanaply,https://fanaply.com/
Elastic Audio,https://elasticaudio.com/
Audigo Labs,https://audigolabs.com/
StepOut,https://stepout.com/
Cyber DriveWare,https://cyberdriveware.com/
Clinify Health,https://clinifyhealth.com/
JazzyPay,https://jazzypay.com/
Appetas,https://appetas.com/
RobotLAB,https://robotlab.com/
The Music Fund,https://themusic.fund/
Marble AR,https://marblever.se/
Justsnap,https://justsnap.co/
Beastcoast,https://beastcoast.gg/
SnapSwap,https://snapswap.eu/
Hydrologistics Africa,https://hydroiq.africa/
MoQuality,https://moquality.com/
EMOTIV,https://emotiv.com/
Mighty Audio,https://bemighty.com/
edison.ai,https://edison.ai/
soundcharts,https://soundcharts.com/
Sidebrief,https://sidebrief.com/
Oystr Finance,https://oystrfinance.com/
GIGXPAD,https://gigxpad.com/
snapland,https://snap.land/
Radd,https://raddcontent.com/
make-tuto,https://tutoit.io/
It's July,https://itsjuly.com/
Gorilla Link,https://gorilla.link/
Motoroso,https://motoroso.com/
Elegus Technologies,https://elegustech.com/
Bstow,https://bstowapp.com/
Nell,https://myhealthchecked.com/
Troposphere,https://troposphe.re/
Email Copilot,https://emailcopilot.com/
Better Living Technologies,https://betterlivingtech.net/
i-flow,https://i-flow.io/
SurPlusMap,https://surplusmap.com/
Sol Clarity,https://solclarityeds.com/
SeaDeep,https://seadeep.io/
Powertrust,https://powertrust.com/
Korall Engineering,https://korall.io/
ElectricFish,https://electricfish.co/
ComputerWell,https://computerwell.com/
Bioledger,https://bioledger.io/
Happiest Ours,https://happiestours.com/
Holotch,https://holotch.com/
BlackOakTV,https://blackoak.tv/
Remetrik,https://remetrik.com/
Music Tech Works,https://musictechworks.com/
Wella Health,https://wellahealth.ie/
R3 Score,https://r3score.com/
Omaiven Health,https://omaiven.com/
MR Presta,https://mrprestatech.com/
Don't Get Mad Get Paid,https://dontgetmadgetpaid.com/
CowTribe,https://cowtribe.com/
AgHelp,https://aghelpusa.com/
Creation Crate,https://mycreationcrate.com/
Cash Abroad,https://cashabroad.one/
Tumo,https://tumo.app/
Sommos,https://sommosapp.com/
Peas Financial,https://peas.money/
Kura Technologies,https://kuratek.com/
Guama,https://guamacard.com/
Blackstock & Weber,https://blackstockandweber.com/
BigTeam,https://bigteam.co/
VORTEX BLADELESS,https://vortexbladeless.com/
OBEY,https://obeyme.world/
Volteo Maritime,https://volteo.com/
Seed,https://seedlawpr.com/
RYLTY,https://rylty.io/
OrderNerd,https://ordernerd.com/
Highly Liquid,https://highlyliquid.xyz/
FIVE MICS,https://fivemics.io/
Confetti,https://confetti.stream/
BEEPR,https://beeprmusic.com/
Derq,https://derq.com/
CPRWrap,https://cprwrap.com/
CountertopSmart,https://countertopsmart.com/
SuccessionMatching,https://successionmatching.com/
Slice of Sauce,https://sliceofsauce.com/
DocuMentor,https://yourdocumentor.com/
Hiki,https://hikiapp.com/
Script Health,https://scripthealth.co/
Cinta Color,https://cintacolor.com/
CAPE Inclusion,https://capeinclusion.om/
Eemerg Roadside Assistance Marketplace,https://eemerg.com/
XQUIRE,https://xquire.ai/
Hypeal,https://hypeal.com/
Leasy,https://leasy.pro/
TractionBoard,https://tractionboard.co/
PortF,https://portf.io/
Level2,https://trylevel2.com/
Lipefi,https://lipefi.com/
Complok,https://complok.eu/
AVENIR TECH,https://joinavenir.com/
Hiveclass,https://hiveclass.co/
Played,https://played.co/
Stready,https://stready.com/
SimBull Sports Exchange,https://simbull.com/
MyARC Fitness,https://myarc.io/
InStryde,https://instryde.com/
Hormonious Flo,https://hormoniousflo.com/
Herd,https://theherdapp.com/
GET DUCK,https://getduck.io/
RoundPegg,https://roundpegg.com/
Permitech,https://permi.tech/
SimplyMeet,https://beeinvites.com/
CERPRO,https://cerpro.io/
STHRIVE,https://sthrive.com/
Secret Skin,https://thesecretskin.com/
Revent,https://revent.store/
ithnain,https://ithnain.com/
Sike Insights,https://sikeinsights.com/
Shop Latinx,https://shoplatinx.com/
Pod People,https://podpeople.com/
Datawisp,https://statshelix.com/
CLLCTVE,https://cllctve.com/
Ayana Therapy,https://ayanatherapy.com/
Arch Finance,https://archfinance.com.au/
Migrations.ml,https://migrations.ml/
Julius Technologies,https://juliustech.co/
Gravity AI,https://gravity-ai.com/
Floodlight,https://floodlightinvest.com/
SenseIT,https://senseit360.com/
Albo,https://albosys.com/
Trellis Health,https://jointrellsihealth.com/
AdsGency AI,https://adsgency.ai/
Stackoon,https://stackoon.io/
Produx,https://produx.ai/
Moyae,https://moyae.com/
Chassy,https://concretestack.com/
Zippiai,https://zippiai.com/
TawkitAI,https://tawkit.ai/
Talkstack,https://talkstack.ai/
Propio,https://joinpropio.com/
Planette,https://planette.ai/
Pezzo,https://pezzo.ai/
Paralog,https://paralog.ai/
Inquisio.AI,https://inquisio.ai/
Et Cetera Robotics,https://etcrobotics.com/
Easy Platter,https://easyplatter.com/
Discoverist.ai,https://discoverist.ai/
Chi AI,https://thechi.app/
CareCopilot,https://carecopilot.co/
Astros,https://astros.one/
Xairos,https://xairos.com/
Pierce Aerospace,https://pierceaerospace.net/
Nicslab,https://nicslab.com/
Hyperspec AI,https://hyperspec.ai/
Hyperkelp,https://hyperkelp.com/
PressOne Africa,https://pressone.africa/
24seven,https://24seventech.co/
Rana,https://ranaenergy.co/
PharmaBusinessReview,https://pbrinsight.com/
One Plan,https://oneplan.finance/
Beauty Hut Africa Ltd,https://beautyhutafrica.com/
Swoove,https://swoove.delivery/
WorkAround,https://wao.ai/
Westcott Multimedia,https://westcottmultimedia.com/
S/O/S,https://worldofsos.com/
Precavida,https://precavida.com/
OpenFrame,https://getopenframe.com/
Kumuda,https://kumuda.org/
Cobu,https://livecobu.com/
qualiTEAS,https://qualiteas.ca/
Marine Edge,https://marine-edge.com/
Jump n Pass,https://jumpnpass.com/
Surge Africa,https://surgeafrica.co/
GetEquity,https://getequity.io/
8medical,https://8medical.co/
Veend,https://veendhq.com/
SanChip,https://sanchip.net/
Sensytec,https://sensytec.com/
LaneSpotter,https://lanespotter.bike/
Autobon,https://autobon.ai/
Optio.Ai,https://optio.ai/
Arweave,https://arweave.org/
Alpha Exchange,https://alpha-exchange.com/
Induction Food Systems,https://inductionfoodsystems.com/
Big Wheelbarrow,https://bigwheelbarrow.com/
MapYourProperty,https://mapyourproperty.com/
Novalia,https://novalia.co.uk/
Dara.network,https://dara.network/
Asvin Tech,https://dentratech.com/
Xook,https://xook.io/
General Systems,https://generalsystems.tech/
Gardenio,https://growgardenio.com/
Influunt Systems,https://influunt.ai/
Igugu Global,https://igugu.global/
Farmz2U,https://farmz2u.com/
Elio.Earth,https://elio.earth/
Climatescape,https://climatescape.org/
Benchmark Labs,https://benchmarklabs.com/
Aclymate,https://aclymate.com/
PayAngel,https://payangel.com/
Modality,https://findmodality.com/
StudyFree,https://studyfree.org/
OneVillage,https://onevillage.io/
1sm,https://1sm.io/
OnePipe,https://onepipe.io/
Grandstage,https://grandstage.app/
Nala,https://nalarocks.com/
Skyblue Analytics,https://skyblueanalytics.com/
Dr.Online,https://dronline.com/
Dollarize,https://dollarize.me/
PerformVu,https://performvu.com/
Cut and Clarity,https://cutandclarity.co/
Fundwurx,https://fundwurx.com/
Cadena,https://cadena.dev/
WXLLSPACE,https://wxllspace.com/
Chambr,https://playlearn.games/
Zelia,https://zeliaapp.com/
Predictive Equations,https://predictive.vision/
Littl,https://trylittl.com/
Immerce,https://immerce.io/
Ephemeris,https://ephemeris.co/
DocOne,https://docone.fr/
Cuál,https://cual.co/
coexist,https://getcoexist.com/
CivicSync,https://civicsync.com/
Alt.Fn,https://altfndata.com/
AiMerch,https://aimerch.io/
Phood,https://phood.co/
hiitide,https://hiitide.com/
ELANZA Wellness,https://elanzawellness.com/
COVERR,https://getcoverr.com/
Vlipsy,https://vlipsy.com/
fraudmarc,https://fraudmarc.com/
FarmCrowdy,https://farmcrowdy.com/
Collider,https://collidertech.com/
Frame Health,https://framehealth.com/
LabBox,https://labbox.education/
Trexo Robotics,https://trexorobotics.com/
Fairsplit,https://fairsplit.us/
Treepz,https://ng.treepz.com/
ZERV,https://zerv.io/
Superfan Studio,https://superfan.studio/
Smartbin.io,https://smartbin.io/
Roll Scooters,https://rollscooters.com/
Storey The App,https://storeytheapp.com/
Edith Labs,https://edithlabs.com/
Brite,https://gobrite.io/
Aplic Platform,https://aplic.io/
AfriBlocks,https://afriblocks.com/
hiveonline,https://hivenetwork.online/
Anytype,https://anytype.io/
Zoftware,https://zoftwarehub.com/
Shook,https://shoook.io/
aHRtemis,https://ahrtemis.com/
NoledgeLoss,https://noledgeloss.com/
NayamWings,https://nayamwings.com/
Dear Doc Singapore,https://dear-doc.com/
The Daily Sale Shop,https://thedailysale.shop/
Storywise,https://storywise.ai/
Satellites On Fire,https://satellitesonfire.com/
Propin,https://propin.ai/
DEAN Intelligence,https://deanintelligence.com/
ClaroAI,https://claroai.com/
Shipshape Urban Farms,https://shipshapeurbanfarms.com/
PowerTechs,https://powertechs.us/
Latimer Controls,https://latimercontrols.com/
CICLA 3D,https://cicla3dshop.com/
Idyllo,https://idyllo.com/
wryte,https://wryte.io/
YOW,https://yow-hr.com/
Xolani.Health,https://xolanihealth.com/
WhyGrene,https://whygrene.com/
Virtual Sapiens,https://virtualsapiens.co/
Torque,https://torque.cloud/
The PS Collective,https://pscollective.co/
Solar Unsoiled,https://solarunsoiled.com/
Rivalia Chemical Co.,https://rivaliachemical.com/
Replace,https://replacefund.com/
Pointz,https://bikepointz.com/
Merry Pop-in,https://merrypopin.com/
keen home,https://keenhome.io/
Innvox,https://innvox.com/
hey freya,https://heyfreya.co/
Followear,https://followear.com/
Ecolytics,https://ecolytics.io/
Cypress Health,https://cypresshealth.io/
ByDesign,https://bydesign.io/
Airtime,https://airtimeux.com/
1lens,https://1lens.app/
Nourisher,https://nourisher.co/
Invomatic,https://innapsis.com.co/
CityCop,https://citycop.org/
SkillPop,https://skillpop.com/
Jolly,https://jollyhq.com/
Boutiq,https://stayboutiq.com/
REZA,https://rezafootwear.com/
URSA,https://ursasecure.com/
SICDRONE,https://sicdrone.com/
Robodub,https://robodub.com/
Guardion,https://guardiontech.com/
Blind Tiger Communications,https://blindtigercom.com/
TechRow,https://techrow.org/
Spatial Guide,https://spatial.guide/
BlackHedge,https://blackhedge.io/
Speeko,https://speeko.co/
PropFolio,https://prop-folio.com/
Optivolt Labs,https://optivoltlabs.com/
ISeeChange,https://iseechange.org/
Downtown AI,https://downtown.ai/
Data for Good,https://data-for-good.com/
Allie,https://alliebot.com/
Skylyte,https://skylyte.com/
Neopenda,https://neopenda.com/
LivedX,https://livedx.com/
Gritly,https://gritly.us/
geoFluxus,https://geofluxus.com/
Everprep,https://everprep.com/
EmpiricaLab,https://empiricalab.com/
Cobalt Water Global,https://cobaltwater-global.com/
Pairi,https://pairi.app/
GoLogic,https://gologicsolutions.com/
Bottlecode,https://bottlecode.com/
Frontline Gig,https://frontlinegig.com/
VecTech,https://vectech.io/
Tapestree,https://gettapestree.com/
SANITAS,https://gotosanitas.com/
Richualist,https://themostcurls.com/
Recruiting Innovation,https://recruitinginnovation.com/
ReBokeh,https://rebokeh.com/
Pickups Technologies,https://usepickups.com/
Omelas,https://omelas.co/
Metta Space,https://metta-space.com/
Lenco Technologies,https://lenco.co/
GSES,https://gses-system.com/
Escalate,https://escalateusa.com/
Divaneering Lab,https://meetspundle.com/
CyDeploy,https://cydeploy.com/
Crea.vision,https://crea.vision/
Rooit - Play & Chat!,https://rooit.me/
Groovy Antoid,https://groovyantoid.com/
Eduro,https://eduro.ai/
Slytrackr,https://slytrackr.com/
Sensai Analytics,https://sensai-analytics.com/
ProductionAR,https://productionar.com/
MODICA,https://madebymodica.com/
Malamute,https://malamute.us/
Seremedi,https://seremedi.com/
CancerAid,https://canceraid.com/
EnkiAI,https://enkiai.com/
AkashX,https://akashx.cloud/
XENA Dx,https://xenadx.com/
Illumicell,https://illumicell.ai/
enzum,https://enzum.com/
Resourcly,https://resourcly.earth/
Re Cae,https://re-cae.com/
OmicsChart,https://omicschart.com/
LogSpend,https://logspend.com/
Gordion Bioscience,https://gordion.bio/
FinQbit,https://finqbit.tech/
WeMe,https://weme.eco/
WeHave,https://wehave.io/
VoiceKitt,https://voicekitt.com/
Twende,https://twendeapp.io/
Solavio Labs,https://solavio.com/
Neomare,https://neomare.no/
Co-Tasker,https://co-tasker.com/
Bidi Charge,https://bidi-charge.com/
LOCCO,https://locco.app/
Tether EV,https://tetherev.io/
OE Systems AB,https://oe-systems.com/
Norsjór AS,https://norsjor.no/
Mowa.ai,https://mowa.ai/
Liquidstar,https://liquistar.io/
EarthCare.ai,https://earthcare.ai/
NeedEnergy,https://needenergy.io/
Enurgen,https://enurgen.com/
Carré Mobility,https://carre-mobility.de/
ARTIAL,https://artial.co/
Beagle Learning,https://beaglelearning.com/
Spiral Technology,https://spiral.technology/
MSBAI,https://msb.ai/
smileML,https://smile-ml.com/
FortifyEdge,https://fortifyedge.com/
Flite Material Sciences,https://flite.tech/
Airshare Systems Split,https://airshare.ca/
SliceUp,https://sliceup.co/
SafeFlight,https://safeflight.io/
Cleo Robotics,https://cleorobotics.com/
Avocado Systems,https://avocadosys.com/
YouAte,https://youate.com/
RetroLabs,https://retrolabs.io/
Ome,https://omekitchen.com/
Meal IQ,https://getmealiq.com/
MYMA.io,https://myma.io/
Qi Aerista,https://qiaerista.com/
Pantri,https://pantri.net/
BezoMoney,https://bezomoney.com/
WINIM,https://winim.com.ar/
Wellest,https://wellest.com/
Trilleco,https://trilleco.com/
STRAFFR,https://en.straffr.com/
Stabl,https://stabl.io/
Recovr Health,https://recovr.health/
RAZ,https://razfinance.io/
Kudoti,https://kudoti.com/
Hydroquo+,https://hydroquo.com/
Gammanics,https://ndb.technology/
egreen,https://egreen.com/
BOOMROOM Fitness,https://boomroom.fit/
Articulate Labs,https://articulatelabs.com/
Teeread,https://teeread.com/
Spaciously,https://spaciouslyretail.com/
RxPlace,https://myrxplace.com/
Review Piper,https://reviewpiper.com/
PentoPix,https://pentopix.com/
Netta,https://netta.mx/
Matchplicity,https://matchplicity.com/
chpter.,https://chpter.co/
ZAMA Health,https://zamahealth.com/
Nyungu Afrika,https://nyungu.care/
Neurofit VR,https://neurofit.ca/
LISUS Technologies,https://lisusenergy.com/
GoManda,https://gomanda.org/
FINDS,https://finds-upcycling.com/
Energy Shift,https://energyshift.eu/
canB,https://canb.eu/
The Difference,https://thedifference.co/
Slighter,https://slighter.com/
Lazarus,https://lazarusai.com/
Ramp Chair,https://ramp.us/
Paperstreet,https://paperstreet.vc/
Paperchain,https://paperchain.io/
Embleema,https://embleema.com/
Veracity Protocol,https://veracityprotocol.org/
Trixta,https://trixta.com/
Alkemi AI,https://alkemi.network/
Drive Spotter,https://drivespotter.com/
Invision AI,https://invision.ai/
Hero,https://hero-app.com/
Devpass,https://devpass.com.br/
Immigo,https://immigo.io/
Fuddis,https://fuddis.com/
CodeGPT by Judini,https://codegpt.co/
FortyGuard,https://fortyguard.com/
Smartsy,https://smarsty.ai/
Question Base,https://questionbase.com/
Casalist,https://casalist.co/
ILUMA,https://iluma.xyz/
Gabu,https://playgabu.com/
Cloudoor,https://gocno.io/
accelEQ,https://acceleq.com/
Trez,https://trez.co/
Sirius Education,https://sirius.education/
Modet,https://modet.tech/
MedThread,https://medthread.com/
Lizit,https://lizit.app/
Kuadra,https://kuadra.com.co/
KredFeed,https://kredfeed.com/
Cuentología,https://cuentologia.com/
BeeCuick,https://beecuick.com/
Terraseed,https://terraseed.com/
Defynance,https://defynance.com/
Pixchange,https://pixchangeapp.com/
Lanu,https://lanu.co.uk/
IXON Food Technology,https://ixon.com.hk/
FeedX,https://carllippert.com/
Applied Particle Technology,https://appliedparticletechnology.com/
RoadEO,https://roadeo.io/
HyBird,https://hybirdtech.com/
SaRA Health,https://sarahealth.io/
Noviqu,https://noviqu.com/
Cognittiv,https://rzxtecnologia.com.br/
Zown,https://jrop.co/
Advosense,https://advosense.com/
Voike,https://voike.com/
SharpShark,https://sharpshark.io/
MetaPals,https://metapals.pet/
Functionland,https://fx.land/
Bailport,https://bailport.com/
Athen.ai,https://athenaineuro.com/
Alpha Drive,https://alphadrive.ai/
Virimodo,https://virimodo.com/
Sync,https://syncenergyai.com/
Shipshape AI,https://shipshape.ai/
Ashipa Electric,https://ashipaelectric.com/
zuri fertility,https://zurifertility.com/
Tech1M,https://tech1m.com/
Tattd,https://tattd.co/
SWYE360 Learning,https://swye360.com/
Storspay,https://storspay.com/
Shubox,https://shubox.ai/
Saavor,https://saavor.co/
Mission-Driven Tech,https://missiondriventech.com/
Media Disco,https://mediadisco.io/
Les Aimants,https://les-aimants.com/
Champion 40A,https://champion40a.com/
REEV,https://reev.care/
Zoee,https://zoee.com/
Zinnia Technologies,https://zinniatv.com/
Unlimited Engineering,https://rideunlimited.co/
Tuktu Care,https://tuktu.ca/
TransCrypts,https://transcrypts.com/
Tempore,https://tempore.com/
SoundTrack AI,https://soundtrackai.com/
Revolute Robotics,https://revoluterobotics.com/
Penny Finance,https://penny-finance.com/
Peeranha,https://peeranha.io/
Octane Technologies,https://driveoctane.com/
Ocean Access,https://oceanaccess.no/
Neolth,https://neolth.com/
MeterLeader,https://meterleader.com/
Le Car,https://lecar.co/
Kitchenery,https://kitchenery.net/
Keep Company,https://keep-company.com/
InterGen Data,https://intergendata.com/
Hyperion Global Energy,https://hyperionenergy.ca/
Helgen Technologies,https://helgen.tech/
Haiphen,https://haiphenai.com/
Geolumina,https://geolumina.ai/
Flora Coating,https://floracoating.com/
Ecko,https://ecko.ac/
Dhakai,https://dhakai.com/
Carefluent,https://mycarefluent.com/
Cancer Mutual,https://cancerfoundation.org.za/
Bloop Browser,https://getbloop.co/
Autonopia,https://autonopia.com/
3co,https://3co.ai/
RagnaRock Geo,https://ragnarockgeo.com/
Navarra Tech,https://navarratech.com/
Fieldmade,https://fieldmade.no/
Gudea,https://gudea.ai/
Sports Vision,https://sportsvision.ai/
The Playbook,https://sportsmentalhealthplaybook.com/
Reifisports,https://reifisports.com/
Refr Sports,https://refrsports.com/
PandoPartner,https://pandopartner.com/
LOWR,https://lowr.co/
Cup Carrier Media,https://cupcarrier.meida/
Camperoni,https://camperoni.com/
Skyfront,https://skyfront.com/
Inova Drone,https://inovadrone.com/
ModelMe3D,https://modelme3d.nl/
Seek Sophie,https://seeksophie.com/
Chipolo,https://chipolo.net/
Eat Sleep RIDE,https://eatsleepride.com/
Beelinguapp,https://beelinguapp.com/
Zelish,https://zelish.in/
Swayed,https://swayedai.com/
Rotender,https://rotender.com/
Nise,https://nise.tech/
MedEngine,https://medengine.co/
Liberate Studio,https://liberatestudio.com/
Infiltron Software Suite & Application,https://infiltron.net/
Fenix Space,https://fenixspace.com/
EVQLV,https://evqlv.com/
dopl technologies,https://dopltechnologies.com/
Bevz,https://bevz.com/
bestselfy,https://bestselfy.com/
AskWinston,https://askwinston.io/
AmorSui,https://amorsuiclothing.com/
The Accessory Junkie,https://theaccessoryjunkie.com/
Sympatic,https://sympatic.com/
Whale Seeker,https://whaleseeker.com/
ThermoAI,https://thermoai.com/
Q Blocks,https://qblocks.cloud/
nopilot.ai,https://nopilot.ai/
Fliqpay,https://fliqpay.com/
Arctic Fox AI,https://afxmedical.com/
Another-Lane,https://another-lane.com/
SkillMapper,https://skillmapper.com/
Moonai,https://moonai.app/
Invendor,https://invendor.com/
HeartNet,https://hrtnet.net/
Emigreat,https://emigreat.co/
Bob Makler,https://bobmakler.com/
Secret City Trails,https://secretcitytrails.com/
GRIT.,https://grit.bet/
Wysefit,https://wysefit.com/
WingXpand,https://wingxpand.com/
VueBox,https://vuebox.co/
Votemo,https://votemo.eu/
ViralMoment,https://viralmoment.com/
Tassel Software,https://tasselsoftware.com/
Talk Hiring,https://talkhiring.com/
Syntax IQ,https://syntaxiq.com/
Serendipia Life,https://serendipia.life/
SanityDesk,https://sanitydesk.com/
Rubitection,https://rubitection.com/
Rezilient Health,https://rezilient.io/
Renno,https://rennohome.com/
Relish Life,https://relish.life/
Regen Network,https://regen.network/
Quidax,https://quidax.com/
People Clerk,https://peopleclerk.com/
Peekage,https://peekage.com/
NexusEdge,https://nexusedge.com/
Mobius,https://mobius.co/
microTERRA,https://microterra.com.mx/
MadLipz,https://madlipz.com/
Lumi?reVR,https://lumierevr.com/
Left,https://travel-left.com/
Korapay Technologies,https://korapay.com/
International Scientific Advisors,https://joinisa.io/
In Orbit Aerospace,https://inorbitaerospace.com/
Increment Analytics,https://joinincrement.com/
Granular.ai,https://granular.ai/
Freespeech,https://freespeechnow.ai/
FLOD AI,https://flod.ai/
FinKraft,https://finkraft.ai/
Erdos Ventures,https://erdosventures.com/
Envoi Technologies,https://envoinow.com/
ConnectCareHero,https://connectcarehero.com/
Charter Space,https://charter.space/
Canopy Aerospace,https://canopyaerospace.com/
Bridgr,https://bridgr.co/
Braze Mobility,https://brazemobility.com/
Blaise Transit,https://blaisetransit.com/
Bext360,https://bext360.com/
Authored.®,https://authoredapparel.com/
Alva Health,https://alva-health.com/
Additive Space Technologies,https://additivespacetech.com/
Shareable Social,https://shareablesocial.com/
Hello Birdie,https://hello-birdie.com/
Genetrainer,https://genetrainer.com/
Asgard,https://asgard.ai/
Heuristech,https://heuristech.eu/
Carbonext,https://carbonextinc.com/
Magma Space,https://magma-space.com/
Gamr,https://gamr.africa/
Prep Intel,https://prepintel.io/
Katapulte,https://katapulte.io/
Equility,https://equilityhq.com/
NaviSavi Travel,https://navisaviapp.com/
O Analytics,https://o-analytics.com/
ETALYC,https://etalyc.com/
Kndrd,https://kndrd.io/
SOMOS,https://holasomos.com/
Vesta,https://eventvesta.com/
United Market,https://unitedmarket.com/
Wikimove,https://wikimove.me/
Virtual Tables,https://virtualtables.com/
TicketRev,https://ticketrev.com/
Remote Gravity,https://remotegravity.com/
Near,https://feelnear.com/
Flare FS,https://flarefs.com/
Brocali,https://brocali.io/
BioEsol,https://bioesol.com/
BāKIT Box,https://bakitbox.com/
Backr,https://backrsports.com/
Fanbants,https://fanbants.com/
Team Livo,https://livo.io/
Ema,https://emaapp.co/
MOWIES,https://mowies.com/
Fêtefully,https://fetefully.com/
Birdstop,https://birdstop.io/
Biiah,https://biiah.com/
ComeBack Mobility,https://comebackmobility.com/
Pulse Charter Connect,https://pulsecharterconnect.com/
LUBU Technologies,https://lubu.ai/
Xplosion Technology,https://xplosionlive.com/
Vessl Prosthetics,https://vesslpro.com/
Hera Fertility,https://herafertility.co/
Brilliantly,https://brilliantly.co/
Preflet,https://preflet.com/
Automatika Robotics,https://automatikarobotics.com/
Wibo,https://wibo.app/
Valid.it,https://validit.ai/
Tutornow,https://tutornow.it/
Transfer Thought,https://transferthought.com/
Talk Howdy,https://talkhowdy.com/
Synergym.ai,https://synergym.ai/
SustainSoft,https://sustainsoft.eu/
Sorair Technologies,https://sorair.co.uk/
SolarFi,https://solar-fi.com/
Provengo Technologies,https://provengo.tech/
Outlander Materials,https://outlandermaterials.com/
Moduly,https://moduly.io/
Meal Village,https://mealvillage.com/
Mavuno Technologies,https://mavuno.tech/
luzverde,https://luzverde.ai/
Kousso,https://kous.so/
Khepra,https://khepra.io/
Iroko Analytics,https://irokoanalytics.com/
Intuitivo,https://en.intuitivo.pt/
Heloola,https://heloola.com/
Haylon Technologies,https://haylontech.com/
Flux Hybrids,https://fluxhybrids.com/
Flustr,https://flustr.com/
Enlightapp,https://enlightapp.co/
Empethy,https://empethy.it/
Dodo Smart,https://dodosmart.tech/
Cue the Curves,https://cuethecurves.com/
Calosense,https://calosense.com/
BiB Batteries,https://bib-batteries.fr/
bekome,https://joinbekome.co/
BeeSage,https://beesage.co/
Accelerate Wind,https://acceleratewind.com/
STRE.ME,https://stre.me/
co:census,https://cocensus.io/
EX-IQ,https://ex-iq.com/
Ambit.AI,https://ambit.ai/
Ejenta,https://ejenta.com/
Vestive,https://getvestive.com/
Lifesaver,https://getlifesaver.com/
V2X Network,https://v2x.network/
MADA Analytics,https://madaanalytics.com/
List Funding,https://listfunding.com/
InFront Compliance,https://infrontcompliance.com/
Cred,https://cred.tech/
Zelta,https://zelta.ai/
Fractionum,https://fractionum.com/
Xena Intelligence,https://xenaintelligence.com/
Tavolo,https://tavoloapp.com/
zoolife,https://zoolife.tv/
PulzAid,https://pulzaid.com/
Nyble,https://nyble.com/
Muse Tax,https://musetax.com/
In-Seam,https://theresetagency.net/
Collctiv,https://collctiv.com/
Bamba Corp.,https://bambagroup.com/
Incredible,https://getincredible.com/
P.S. Bridal Rental,https://psbridal.co.uk/
Curada,https://curada.co.uk/
Mindflow Health,https://mindflowhealth.tech/
qomodo,https://qomodo.io/
Medtribe,https://medtribe.com/
InStep,https://myinstep.com/
heySimulate,https://heysimulate.com/
Antares Health,https://antares.health/
Affiniti AI,https://affiniti.ai/
OrdrSmart,https://ordrsmart.com/
ConnectedFresh,https://connectedfresh.com/
xBlock,https://xblock.ai/
Rubilabs,https://rubilabs.com/
RAEV,https://raev.tech/
Puebla,https://puebla.io/
Permits.com,https://permits.com/
Undesert Corporation,https://undesert.com/
Eolic Wall,https://eolicwall.com/
Crow Industries,https://crowindustriesinc.com/
WingDriver,https://wingdriver.com/
Laminar Scientific,https://laminarscientific.com/
HyperTunnel,https://hypertunnel.com/
ExLattice,https://exlattice.com/
Dashboard Story,https://duetinc.com/
Boosst,https://boosstme.com/
Allosense,https://allosense.com/
Novele,https://novele.com/
Klasha,https://klasha.com/
blueflite,https://blueflite.com/
Optionsamurai,https://optionsamurai.com/
FinancialJuice,https://financialjuice.com/
idatase,https://netlume.net/
Cemento.AI,https://cemento.ai/
Elmetr,https://elmetr.com/
MobileDevHQ,https://mobiledevhq.com/
RealAR,https://realar.com/
Fast Office,https://fastoffice.com/
Bred Token,https://bredtoken.com/
PropertyQuants,https://propertyquants.com/
Finneo,https://finneotech.com/
Soleil Space,https://soleilspace.com/
GoodAction,https://goodaction.com/
ToMarket,https://tomarket.farm/
Navut,https://navut.com/
PromoShare,https://promoshare.com/
Markit Social,https://markitsocial.net/
Faredirect,https://fare.direct/
Emigrait,https://emigrait.com/
Corventive Health,https://corventivehealth.com/
alvee,https://alvee.io/
Sketchdeck.ai,https://sketchdeck.ai/
Pantheon Design,https://pantheondesign.com/
Marli Technology Solutions,https://marli.io/
LegacyShift,https://legacyshift.com/
InspectoBot,https://inspectobot.com/
High Time Foods,https://hightimefoods.com/
Hera Health Solutions,https://herahealthsolutions.com/
Everlater,https://everlater.com/
DroneAdair,https://droneadair.com/
d20 Solutions,https://getmetafuel.com/
Candle Finance,https://trycandle.com/
Cambrian Protocol,https://cambrianprotocol.com/
CAHill TECH,https://cahilltech.com/
Tuva,https://tuvalabs.com/
Afineur,https://afineur.com/
Imago AI,https://imagoai.com/
Contain,https://contain.ag/
Tablz,https://transparentkitchen.ca/
Mushroom Material,https://mushroommaterial.com/
Enermo Technology,https://enermotechnology.com/
Nido Robotics,https://nidorobotics.com/
SPOOLIFY AI,https://spoolify.io/
aliciabots,https://aliciabots.com/
Sellar,https://sellar.io/
Apollo,https://getapollo.in/
Envio,https://helloenvio.com/
Zephframe,https://zephframe.com/
Waterson,https://waterson.lv/
Upmarket,https://upmarket.io/
ImpactableX,https://impactablex.com/
AgroCenta,https://agrocenta.com/
Kadeya,https://kadeya.com/
WiseDrive,https://wisedrive.ee/
TerraWaste,https://terrawaste.tech/
Stride Racing,https://app.strideracing.io/
Roomkast,https://roomkast.com/
Organicin Scientific,https://organicinscientific.com/
Olpay,https://olpay.co/
Motics Technologies,https://motics.co.uk/
Matutto,https://matutto.com/
goscore,https://goscore.me/
EcoBloc,https://bloc.eco/
CropConex,https://cropconex.com/
BoxxDocks,https://boxxdocks.com/
Belong Anywhere Ltd,https://bookverve.com/
Availyst,https://home.availyst.com/
Transship Corp,https://transship.net/
AnsuR,https://ansur.no/
Space Products and Innovation GmbH,https://spinintech.com/
AlphaBBL,https://alphabbl.com/
VO2,https://vo2.fans/
The Fan's Place,https://thefansplace.com/
srve,https://srve.co/
Scrimmage,https://blog.scrimmage.co/
Rewire Fitness,https://rewirefitness.app/
Re-Style,https://re-style-signup.com/
RepOne Strength,https://reponestrength.com/
Reeler,https://reelertech.com/
Plus Up,https://gogoodtimer.com/
OYA Femtech Apparel,https://wearoya.com/
On The Goga,https://onthegoga.com/
OneDeal,https://onedeal.biz/
Maygia,https://maygia.com/
Kestrl: Muslim Money App,https://kestrl.io/
Harp Health,https://harphealthtech.com/
Gymble,https://gymble.us/
GameplAI,https://gamepl.ai/
Evenlift,https://evenlift.io/
"Don't Shop, Swap",https://dontshopswap.co.uk/
Clockout,https://joinclockout.com/
Civin,https://civin.co/
CarbonBridge,https://carbonbridge.io/
Borde,https://borde.io/
Blossm,https://blossm.garden/
anthym,https://anthym.life/
Krak,https://skatekrak.com/
Madbarz,https://madbarz.com/
Lotic Labs,https://loticlabs.com/
ThisFish,https://this.fish/
Kodo,https://kodo.ai/
Stockfuse,https://stockfuse.com/
MamaMend,https://mamamend.com/
FIX HEALTH,https://fix-health.com/
Aligned Business,https://alignedbiz.com/
Resonance UG,https://resonance.so/
Inkdrop.ai,https://inkdrop.ai/
Fenyx,https://fenyxhome.com/
VOIDS,https://voids.ai/
DLT Payments,https://dltpay.com/
Carwyze,https://carwyze.de/
Pepperest,https://pepperest.com/
Keble,https://keble.co/
Cladfy Financial Services,https://cladfy.com/
Alphabloq,https://alphabloq.tech/
Staxe,https://staxe.io/
Raise Green,https://raisegreen.com/
Evercity,https://evercity.io/
Rewire Health,https://rewire-health.com/
ThirdFi,https://thirdfi.org/
Aperture Bio,https://aperture.bio/
BioticsAI,https://biotics.ai/
Amherst Intelligent Security,https://amherstintelligentsecurity.com/
RIPA AI,https://ripa.ai/
modlee,https://modlee.ai/
InStockRx,https://instockrx.com/
Ediphi,https://goediphi.com/
Bummock AI,https://bummock.ai/
Telekinesis.ai,https://telekinesis.ai/
YourDiamonds,https://yourdiamonds.com/
WeavAir,https://weavair.com/
vRotors,https://vrotors.com/
Vittas,https://vittasinternational.com/
Towntalk Solutions,https://towntalk-solutions.com/
Recheck,https://recheck.io/
MegaFans,https://megafans.com/
Lux Semiconductors,https://luxsemiconductors.com/
LiveDuel,https://liveduel.com/
Keza Africa,https://kezaafrica.com/
Infinite Composites Technologies,https://infinitecomposites.com/
Holos,https://holos.io/
Geowox,https://geowox.com/
Foundry Six,https://foundrysix.com/
Facenote,https://facenote.me/
Eczodex,https://eczodex.com/
Cuantix,https://icuantix.com/
Crowdclass,https://crowdclass.com/
CDCARE,https://cdcare.ng/
Big Fan,https://bigfan.io/
Barterchain,https://barterchain.io/
BARRATIO,https://barratio.fr/
Roborus,https://roborus.co.kr/
Shopest,https://shopestapp.com/
Discover Dollar,https://discoverdollar.com/
StartGlobal,https://startglobal.co/
Settld.Care,https://settld.care/
InfraNergy,https://infranergy.us/
Split EV,https://splitevcharger.com/
ScoutIt,https://scoutitweb.com/
Meredot,https://meredot.com/
Maverick IQ,https://maverickiq.com/
Grid Discovery,https://griddiscovery.com/
EV Safe Charge,https://evsafecharge.com/
EarthABC,https://earthabc.com/
clever Offsets,https://cleveroffsets.com/
Bluetanks,https://bluetanks.tech/
Ai-OPs,https://ai-op.com/
SweetieDev,https://deary.app/
UMA,https://umavr.co/
Toucan Events,https://toucan.events/
Skindays,https://theskindays.com/
Legal Nodes,https://legalnodes.org/
Bridged Media,https://bridged.media/
AWABAH,https://awabahng.com/
Asset Reality,https://assetreality.com/
Sitata,https://sitata.com/
Oathello,https://oathello.com/
WeSolv,https://wesolv.co/
Kwambio,https://kwambio.com/
Type W,https://typew.com/
SOZIE,https://sozie.com/
UBI Meat Experts in Quality Assurance,https://ubimeat.com/
BOxES 4.0 Devices,https://boxesdevices.com/
Ziscuit,https://ziscuit.shop/
Parkday,https://heyparkday.com/
Hya Bioplastics,https://hyabioplastics.com/
Carbon Origins,https://carbonorigins.com/
Quartolio,https://quartolio.com/
3DIMO,https://3d-imo.com/
Population,https://populationtech.com/
GECKO,https://gecko.rent/
Tellescope,https://tellescope.com/
Qoncert,https://qoncertapp.com/
Leadvolt,https://leadvolt.com/
Kouo,https://kouo.io/
Latent Knowledge Solutions,https://latentknowledge.co/
Goodie Bag Food Co.,https://app.goodiebag.co/
Violet,https://violet.org.au/
Gentian,https://gentian.io/
farmshare,https://farmshare.co/
some.place,https://some.place/
SeenCulture,https://seenculture.com/
Outread,https://out-read.com/
Mantaray Climate,https://mantarayclimate.com.au/
GoTradie,https://gotradie.com.au/
Femtek,https://femtek.co/
DogBase,https://dogbase.co/
Buildoor Labs,https://buildoor.xyz/
Xodus Technologies,https://xodus.app/
Vocalytics,https://vocalytics.ai/
Sway Home,https://sway-home.com/
Sequense,https://sequensesoftware.com/
Ruth Health,https://ruthhealth.com/
Robyn,https://wearerobyn.co/
Remmie,https://remmiehealth.com/
Reactiv,https://reactivrehab.com/
OutAt,https://outatinc.com/
musiqmesh,https://musiqmesh.com/
Liquify,https://liquify.digital/
Koda Health,https://kodahealthcare.com/
Kabila,https://joinkabila.com/
Individual Technology,https://makahealth.com/
haulsale,https://haulsale.com/
Esoteric,https://esoteric.style/
Esca,https://escamenu.com/
Dieta Health,https://dietahealth.com/
Cryptive,https://cryptive.io/
Combat IQ,https://combatiq.io/
Bob's Containers,https://bobscontainers.com/
Awake Labs,https://awakelabs.com/
Asterizm,https://asterizm.io/
FanWide,https://fanwide.com/
track.tennis,https://track.tennis/
Playeasy,https://playeasy.com/
Fan Powered,https://fanpowered.com/
Ottogee,https://ottogee.com/
Nestrom,https://nestrom.com/
Element 16 Technologies,https://element16.com/
Buglance DMCC,https://buglance.com/
StrategyConnect,https://strategyconnect.co/
Dapio,https://dapio.com/
Sia Secure,https://siasecure.com/
Sensgreen,https://sensgreen.com/
Pax Credit,https://paxcredit.com/
Klaim,https://klaim.ai/
Flaist,https://flaist.com/
DeFiner,https://definer.org/
Cogniant.co,https://cogniant.co/
BONFLITE,https://bonflite.com/
Aumet,https://aumet.me/
Cashew Fintech,https://cashew.me/
Kred,https://kred.in/
Fostrum,https://fostrum.com/
CrowdSense,https://crowdsense.ai/
Snippet Finance,https://snippetfinance.com/
Phraze,https://phraze.co/
Lena Health,https://lena.io/
Chorus Health,https://chorushealth.io/
ValueCo,https://valuecometrics.com/
Making Space,https://making-space.com/
Rush Roto,https://rushrotostudio.com/
Super Bloom Bakery,https://superbloombakery.com/
Poly Platform,https://getpolyplatform.com/
LyRise,https://lyrise.ai/
Lendorse,https://lendorse.com/
flowpay.io,https://flowpay.io/
EthicsGrade,https://ethicsgrade.io/
Clymb,https://clymbup.io/
Cerebro NeuroTech,https://cerebroneurotech.com/
Beepboop,https://beepboop.us/
ALIVE Podcast Network,https://alivepodcastnetwork.com/
Notey,https://notey.co/
Washington’s Hammer,https://washingtonshammer.com/
BTE Analytics,https://bteanalytics.co/
TribeMeets,https://tribemeets.com/
Vamos,https://vamospasajes.com/
WorkOnward,https://workonward.com/
Axxelist,https://my-axxelist.azurewebsites.net/
Moolathon,https://moolathon.com/
Smart Border Systems,https://smartborder.systems/
Wolomi,https://wolomi.com/
Jackalo,https://hellojackalo.com/
Snappable,https://snappable.nyc/
Pirl Technology,https://thepirl.com/
Mili Llama,https://milillama.com/
Vero Learning,https://verolearning.com/
Inphlu,https://inphlu.com/
SLAIT School,https://slait.school/
Scaffolded,https://scaffolded.io/
Market Games,https://marketgames.io/
Lokum,https://lokumapp.com/
InclusionScore,https://inclusioncorporation.com/
Grain Fertility,https://grainfertility.com/
ForceField IO,https://meetforcefield.com/
Demtec,https://dem-tec.com/
Chuqlab,https://chuqlab.com/
Balance,https://balance.cash/
Aura Finance,https://aurafinance.io/
Take2.ai,https://take2.ai/
MoneyStack,https://moneystack.com/
Laurels,https://laurels.app/
Impactica Labs,https://impactica.co/
Edifii,https://edifii.me/
Wellthi,https://wellthiapp.com/
tychon,https://tychon.app/
TogetherCrew,https://togethercrew.com/
Retavo,https://assistt.com/
Kliq,https://joinkliq.io/
Private Packs,https://privatepacks.com/
Ourside,https://ourside.nyc/
Neufluence,https://neufluence.com/
Navina,https://drinknavina.com/
Mintycode,https://mintycode.io/
K'ept Health,https://kept.health/
Friendly Shoes,https://friendlyshoes.com/
EQLAB,https://eqlab.global/
DiversiBoard,https://diversiboard.com/
Bhala AI,https://bhala.ai/
ZoneIn,https://getzonein.com/
TrustWare,https://trustware.io/
THX Network,https://thx.network/
SonX,https://sonx.com/
SenSwim,https://senswim.com/
Savechain,https://savechain.com/
Protico,https://protico.io/
Porthos & Co,https://porthos.co/
Peerkat,https://peerkat.com/
OLTA,https://olta.art/
Loki.code,https://lokicode.io/
Locker,https://getlockersport.com/
JR Studio,https://jr-studio.io/
Fitnescity,https://fitnescity.com/
Esportudo,https://esportudo.com/
Beyond Equity,https://beyondequity.co/
31Third,https://31third.com/
Kokko,https://kokkocolor.com/
Weespring,https://weespring.com/
Krowd,https://krowdit.com/
Capexmove,https://capexmove.io/
UrbanFox,https://urbanfox.io/
Smarter Human,https://smarter-human.com/
alive5,https://alive5.com/
portl media,https://portlmedia.com/
Polycade,https://polycade.com/
Umeleon,https://umeleon.de/
Womp,https://womp.xyz/
Poplin,https://getpoplin.com/
Mainstack,https://mainstack.co/
LifeTap,https://lifetap-ai.com/
Bytebase,https://bytebase.io/
BuckUp,https://gobuckup.com/
WorkDone,https://workdone.ai/
Jelt,https://jelt.com.co/
Varkn,https://varkn.com/
Tonic Audio,https://tonicaudio.com/
Reveler,https://goreveler.com/
PatentPlus,https://patentplus.io/
Metric Mate,https://themetricmate.com/
Melanin Kapital,https://melaninkapital.com/
HonestDeed,https://honestdeed.com/
Climatize,https://climatize.earth/
Builty,https://builty.app/
Stackhouse,https://stackhouse.life/
E-Fish,https://e-fish.com/
Workfrom,https://workfrom.co/
Tot Squad,https://totsquad.com/
Symba,https://symba.io/
Oly,https://oly-platform.com/
GolferX,https://golferx.io/
unbuilt,https://unbuilt.co/
Purposely.ai,https://purposely.ai/
QuirkChat,https://quirktastic.co/
Videolity,https://videolity.com/
Flex Data,https://beta.flex.game/
Pennee Technologies,https://pennee.co/
Vimma,https://vimma.ai/
Trousso,https://trousso.co/
Telememory,https://telememory.co/
Savium,https://savium.co.uk/
SaveSpace,https://savespace.eu/
Rate Pro,https://pmiratepro.com/
Raddle,https://getraddle.com/
pulley.ai,https://pulley.ai/
Prinsta,https://prinsta.io/
Presta,https://letspresta.com/
Payvmnt,https://getpayvmnt.com/
Pangian,https://pangian.com/
Palmly,https://getpalmly.com/
OpenAxis,https://openaxis.com/
Occo,https://occospice.com/
NeuroGeneces,https://neurogeneces.com/
My Panda,https://mypandaapp.com/
MyAniml,https://myaniml.com/
mishe,https://mishe.co/
MetalMaker 3D,https://metalmaker3d.com/
Medsembly,https://medsembly.com/
Krater,https://krater.io/
Konduit,https://konduitworks.com/
Joggr,https://joggr.io/
Impact Bytes,https://impactbytes.io/
GoodRoads,https://goodroads.io/
GiftPocket,https://giftpocket.com/
Ganymede Games,https://ganymede.games/
ECO2GROW,https://eco2grow.com/
Dynamic Green Products,https://nvearth.com/
Craste,https://craste.co/
Cookonnect,https://cookonnect.com/
Circle Blocks Edu,https://plabookeducation.com/
CALT Dynamics,https://caltdynamics.com/
Buyable,https://itsbuyable.com/
Boxologic,https://boxologic.com/
BluBinder,https://blubinder.com/
Atom Universe,https://atomuniverse.net/
Astrius,https://astrius.co/
Accelerate3D,https://accelerate3d.com/
BlueSuit Technologies,https://bluesuit.com/
Tarot Analytics,https://tarotanalytics.com/
OffGridBox,https://offgridbox.com/
ELV8,https://investwithscout.com/
ClothesLyne,https://clotheslyne.com/
Towgrace,https://towgrace.com/
Standd,https://standd.io/
Silico Data,https://silicodata.com/
Pongo,https://joinpongo.com/
Gather Flora,https://gatherflora.com/
Airtorch,https://airtorch.io/
Seshie,https://seshie.io/
AfroLandTV,https://afrolandtv.com/
1to1,https://1to1.tech/
Coda,https://lovecoda.com/
aVenture,https://aventure.vc/
PIEPIE.AI,https://piepie.ai/
Alo Index,https://aloindex.com/
Kwikkart,https://kwikkart.co/
Jupiter Card,https://myjupitercard.com/
Joylet,https://joylet.com/
Scent Lab,https://shopscentlab.com/
Rise Vest,https://rise.capital/
Wiistream,https://wiistream.com/
The Highlights App,https://thehighlightsapp.com/
Neatsy.ai,https://neatsy.ai/
JETSWEAT,https://jetsweatfitness.com/
Ganance,https://ganance.com/
DaVinci Wearables,https://davinciwearables.com/
Crosscourt,https://cross-court.com/
Unpluq,https://unpluq.com/
Sevelyn,https://sevelyn.com/
Present,https://smallpackages.co/
Popsixle,https://attenex.io/
Phase Zero,https://phasezerotrials.com/
Out of the Box Education,https://ootb.education/
Omnic Data,https://omnic.ai/
Logicluster,https://logicluster.com/
ListedB,https://listedb.com/
LegalQ,https://legalq.io/
Koala.,https://getkoala.ai/
Inspektlabs,https://inspektlabs.com/
Heights Labs,https://heightslabs.com/
Glow Up Games,https://glowup.games/
Eskuad,https://eskuad.com/
CaseCTRL,https://casectrl.com/
breathing.ai,https://breathing.ai/
AidBanc,https://aidbanc.com/
FlyThere,https://flythere.com/
Clever Girl Finance,https://clevergirlfinance.com/
bridge21,https://bridge21inc.com/
edn,https://edntech.com/
Docokids,https://docokids.com/
Ambana,https://ambana.com/
Aerialoop,https://aerialoop.com/
FynOps,https://fynops.com/
BeChained,https://bechained.com/
Cobroker AI,https://cobroker.ai/
NeveMind,https://nevemind.com/
Craitor,https://manufactureanywhere.com/
Site Bionics,https://sitebionics.com/
Oblio,https://oblio.ai/
Mosqitter,https://mosqitter.com/
CargoShot,https://cargoshot.com/
Babba,https://babbacare.com/
Airbuild,https://airbuild.energy/
Vaale,https://vaale.co/
Topset Learning,https://topset.app/
Second Degree,https://second.degree/
DocNexus,https://medscrape.com/
Jogg,https://jogg.co/
Monocle,https://monocleapp.co/
Avenir Labs,https://avenirapp.co/
Humine,https://huminelabs.com/
Pay4Me App,https://pay4me.app/
Presence AI,https://presence.ai/
Parkster.ai,https://parkster.ai/
SnapRefund,https://snaprefund.io/
Parker.,https://investparker.com/
Quimby,https://quimby.app/
HeadOffice,https://headoffice.app/
Munivestor,https://munivestor.io/
PopViewers,https://popviewers.com/
GroceryList,https://grocerylistgroup.com/
Cyphr,https://cyphr.co/
Be Human(e),https://behumane.co/
Airyvl,https://airyvl.com/
Gently Soap,https://gentlysoap.com/
Audioland,https://audioland.io/
GlüxKind,https://gluxkind.com/
Tromml,https://tromml.com/
PipeOps,https://pipeops.io/
Legends,https://livemylegend.com/
Approva,https://approva.co/
Parlay Finance,https://parlay.finance/
Sotira,https://sotira.co/
Rockhopper,https://rockhoppersolutions.com/
Byte Detection,https://bytedetection.com/
Upgrade Boutique,https://upgradeboutique.com/
Materian.ai,https://materian.ai/
Zerio,https://zerio.com/
XpressRun,https://xpressrun.com/
Testimonial IQ,https://testimonialiq.com/
TasteMedia,https://tasteisfun.com/
Superinsight,https://superinsight.ai/
SMART Charts,https://mysmartcharts.com/
Remembrance,https://notliveyet.com/
Profeci,https://profeci.ai/
Leagueswype,https://leagueswype.com/
Globowl,https://theglobowl.com/
dev-docs,https://dev-docs.typedream.app/
Brief,https://briefme.io/
Artistree,https://artistree.io/
What She Said App,https://whatshesaidapp.com/
The 2.0 Collective,https://the20.co/
Skilbi,https://skilbi.com/
Share Farm,https://sharefarm.com/
Ride iQ,https://ride-iq.com/
Priviom,https://priviom.io/
Motivision,https://motivision.us/
Mother of Fact,https://motheroffact.com/
mbue,https://mbue.ai/
HandsDown,https://itshandsdown.com/
Copyt,https://copyt.io/
Clyn,https://clynapp.com/
CentralTexas.com,https://squaredeal.app/
3D Continuum,https://3dcontinuum.com/
NIMIS Cybersecurity,https://nimis.ai/
MiBolsillo,https://mibolsillo.pe/
InFLOWS,https://designflow.inflows-ai.com/
Zirtue,https://zirtue.com/
thebeans,https://thebeans.io/
Swipe Credit,https://exploreswipe.com/
Sunthetics,https://sunthetics.org/
Sunny Day Fund,https://sunnydayfund.com/
Staax,https://staaxapp.com/
Nufi.mx,https://nufi.mx/
Mobile Fluid Recovery,https://mobilefluid.com/
Meta Construction Technologies,https://broadloop.com/
Innovakote,https://innovakote.com/
Fonbnk,https://fonbnk.com/
Firmus linxe,https://linxe.com/
EnviCore,https://envicoreinc.com/
Cybrik,https://cybrik.ai/
Cancrie,https://cancrie.co/
SendFriend,https://sendfriend.io/
Fintros,https://fintros.com/
Fairwaves,https://fairwaves.co/
Onion Corporation,https://onion.io/
SAFA.ai,https://safa.ai/
cohere,https://thecohere.com/
Efektiva,https://efektiva.mx/
Azra Care,https://azra.ai/
XCredit,https://myxcredit.com/
Vyrtual,https://vyrtual.co/
MobilityZ Health,https://humansinspace.co/
GO See The City,https://goseethecity.com/
EDUrain,https://edurain.org/
Sweetkiwi,https://sweetkiwi.com/
GATE Space,https://gate.space/
Imetalx Group,https://imetalx.com/
Locus Lock,https://locuslock.com/
Westwood Aerogel,https://westwoodaerogel.com/
Vital Audio,https://vitalaudio.io/
Little Place Labs,https://littleplace.com/
Linker Finance,https://linkerfinance.com/
Kinometrix,https://kinometrix.com/
Kilsar,https://kilsar.com/
Iris Light Technologies,https://irislighttech.com/
inlike,https://inlike.ai/
Esper Satellite Imagery,https://espersatellites.co/
Apeiron Space,https://apeiron-space.com/
SuperCopy,https://supercopy.ai/
Taxxwiz,https://taxxwiz.com/
SWERVE Fitness,https://swervefitness.com/
SALUBATA,https://salubataofficial.com/
PITZ,https://pitz.app/
Omega 3 Nutrition,https://eatomega3.com/
Jackson McCrea,https://jacksonmccreawhiskey.com/
Icardio.AI,https://icardio.ai/
Dyrt,https://dyrt.co/
Cubtale,https://cubtale.com/
BAND Connect,https://bandconnect.net/
NovaXS Biotech,https://novaxs.co/
Lana Health,https://lana.health/
Kneevoice,https://kneevoice.com/
HiPR Innovation,https://hipr.io/
Handl Health,https://gohandlhealth.com/
Givers Health,https://givers.health/
Expect Fitness,https://expect.fit/
Duality Health,https://duality.health/
Recycled Granite,https://recycledgranite.com/
MAGMENT,https://magment.de/
E.O.I Technologies,https://eoi-technologies.com/
AquaRealTime,https://algaetracker.com/
Alkemy Environmental,https://alkemyenvironmental.com/
Matchaful,https://matchaful.com/
Washbnb,https://washbnb.com/
Kai XR,https://kaixr.com/
Reflekt Me,https://reflektme.com/
Arbo Technologies,https://arbohq.com/
boxxtech,https://theboxx.io/
St. Martin,https://atthesocialclub.com/
RentCheck,https://getrentcheck.com/
Parallux,https://parallux.co/
Opnr,https://opnrmusic.com/
Capsa Technology,https://getcapsa.com/
Tulay,https://tulay.co/
Tour,https://leasemagnets.com/
SQOR.io,https://sqor.io/
Socian Technologies,https://socian.io/
Pluck.eco,https://pluck.eco/
Peadbo,https://peadbo.com/
Locus Mobility,https://locusmobility.com/
LearnHaus,https://learn.haus/
Gildform,https://gildform.com/
Gift Nabü,https://giftnabu.com/
Enrichly,https://enrich.ly/
Elite Sweets,https://elitedonut.com/
Cappella,https://cappella.io/
Branda,https://branda.ai/
BEERMKR,https://beermkr.com/
BachPlace,https://bachplace.com/
Arch Pet Food,https://archpetfood.com/
Team Fade,https://fade.technology/
ReRent,https://app.rerent.co/
Provider Pool,https://providerpool.co/
Petabolix,https://petabolix.com/
Neon Wild,https://neonwild.com/
Musicbuk,https://musicbuk.com/
mtion,https://mtion.tv/
Make Music Count,https://makemusiccount.com/
LLUNA,https://hellolluna.com/
KYD Labs,https://kydlabs.com/
Kosmi,https://kosmi.io/
Imaginario.ai,https://imaginario.ai/
Hello Audio,https://helloaudio.fm/
Healthy Hip Hop,https://healthy.hiphop/
Foto Visura,https://visura.co/
EINO,https://eino.ai/
Dovey,https://doveydates.com/
Courtroom5,https://courtroom5.com/
Collectiv.TV,https://collectiv.tv/
Cherry Blossom Intimates,https://cherryblossomintimates.com/
BestFit,https://best-fit.app/
ACT House,https://act.house/
Kapitalwise,https://kapitalwise.com/
Prognostic,https://prognostic.io/
Latitudo40,https://latitudo40.com/
Kedeon,https://kedeonsolutions.com/
eTEU,https://eteu.co.uk/
Deliverart,https://deliverart.it/
Crispify.io,https://crispify.io/
Apparier,https://apparier.com/
Streamline Genomics,https://streamlinegenomics.com/
Mortar Data,https://mortardata.com/
Struct Club,https://structclub.com/
Pivan Interactive,https://pivaninteractive.com/
Arete,https://fitmind.app/
str8bat,https://str8bat.com/
Snapscreen,https://snapscreen.com/
MyFavorito,https://myfavorito.com/
MODU,https://moduresearch.com/
A-Champs,https://a-champs.com/
ROBOWEB Corp.,https://roboamp.com/
Pibox,https://pibox.com/
PeduL,https://pedul.com/
OurPass,https://ourpass.co/
Launchpad Fitness,https://launchpad.fit/
Kinumi,https://kinumi.com/
Beatmatch,https://beatmatchsocial.com/
Akouba Credit,https://akoubacredit.com/
TuCann Medical,https://tucannmedical.co/
Humankind Homes,https://humankindhomes.com/
Two to Tango,https://twototango.co/
This App Saves Lives,https://thisappsaveslives.com/
Solace Vision,https://solacevision.com/
Please Assist Me,https://pleaseassistme.com/
Musicasa,https://musicasaa.com/
KEIPhone,https://keiphoneglobal.com/
BOS Framework,https://bosframework.com/
Borrowing Magnolia,https://borrowingmagnolia.com/
Mavity,https://mavity.co/
Freeman Capital Management,https://freemancapital.co/
Event Hub,https://eventhub.net/
Smeisty,https://smeisty.com/
Relive -,https://relive.pt/
Mattoboard,https://mattoboard.com/
Bean,https://bean.accountants/
ARway,https://arway.app/
RivetApp,https://rivetapp.co/
LootLocker,https://lootlocker.io/
Windcredible,https://windcredible.com/
WheelPrice,https://wheelprice.com/
WellCapped,https://wellcapped.com/
The Better Spot,https://thebetterspot.com/
Sojorne,https://sojorne.com/
NIX AIR SOLUTIONS,https://nix-iot.com/
Movopack,https://movopack.com/
Memory My Way,https://memorymyway.com/
INKZUP,https://inkzup.com/
Her Skill Academy,https://herskillacademy.com/
DEI Directive,https://deidirective.com/
Courial,https://courial.com/
CircularPlace,https://circularplace.fr/
Savvy,https://savvyinvest.fr/
BEAWaRe,https://beawarecircular.eu/
Zoog,https://getzoog.com/
Zimbali Networks,https://zimbalinetworks.com/
Xworks Tech,https://xworkstech.com/
xHood,https://parentxhood.com/
WunderGrubs,https://wundergrubs.com/
We Sparkle,https://wesparkle.co/
WellMiss,https://hellowellmiss.com/
WeChipN,https://wechipn.com/
Wave Therapeutics,https://wavetherapeuticsinc.com/
Vulcan Augmetics,https://wearevulcan.com/
Voltaage.io,https://voltaage.io/
Vertru Technologies,https://vertru.co/
UTwin,https://utwin.it/
Upful.ai,https://upful.ai/
Upfront Online,https://allupfront.com/
Trova,https://trova.io/
TinnCann,https://tinncann.com/
Think Confluent,https://thinkconfluent.com/
The LO.,https://wearethelo.com/
Tastebase,https://tastebase.com/
TARA,https://tarateachers.com/
Surmount,https://surmount.ai/
Stratos,https://trystratos.com/
Squid IQ,https://squid-iq.com/
Sportsicon,https://sportsicon.co/
Sparen Homes,https://sparenhomes.com/
SoleSafe,https://solesafe.co/
Skintelligent Corporation,https://skintelligentlab.com/
Silvis Materials,https://silvismaterials.com/
Sign-Speak,https://sign-speak.com/
Sidewalk Insurance,https://sidewalk.biz/
Sensegrass,https://sensegrass.com/
Scrutinize,https://scrutinize.io/
Rif Care,https://rifcare.com/
RentSmallSmall,https://rentsmallsmall.com/
Rego,https://rego-app.com/
QuickCarl,https://quickcarl.com/
PopPD,https://poppd.co/
PeepConnect,https://peepwaitlist.com/
Pear Suite,https://pearsuite.com/
Payday Africa,https://usepayday.com/
Paperstack,https://paperstack.ca/
Own the Moment NFT,https://otmnft.com/
OndeCare,https://ondecare.com/
Noktos,https://noktos.com/
Next Generation Quantum,https://ngq.io/
ndaOK,https://ndaok.com/
NATIX,https://natix.io/
NAL Media,https://nal-media.com/
Nagish,https://talknagish.com/
MyFitPod,https://myfitpod.com/
Modicus Prime,https://modicusprime.com/
Mini City,https://minicityatl.com/
MindStand Technologies,https://mindstand.com/
Mind-Easy,https://mind-easy.com/
Metavent,https://metavent.io/
Masa,https://masafresh.com/
Local Sports Network,https://localsports.network/
LocalAway,https://localaway.com/
LeagueOS,https://leagueos.gg/
Kyshi,https://kyshi.co/
Knoow,https://knoow.co/
Renofy.ai,https://renofy.ai/
KeepWOL,https://keepwol.com/
KADO Networks,https://kadonetworks.com/
Joint Homes,https://jointhomes.com/
ion Learning,https://ionlearning.com/
INPUT SOFT,https://inputsoft.net/
Indistinguishable From Magic,https://ifmagic.io/
HUSSLUP,https://husslup.com/
Holodia,https://holodia.com/
HiddenLogin,https://hiddenlogin.com/
Healthtracka,https://healthtracka.com/
HealthHive,https://healthhive.org/
Health Haven Rx,https://healthhavenrx.com/
GRIND Interactive,https://grindbasketball.com/
Green Room App,https://greenroom.app/
Grayscale AI,https://grayscale.ai/
Good Agriculture,https://goodagriculture.com/
GoFlyy,https://goflyy.com/
Freeplay App,https://freeplayapp.com/
FLUIX,https://fluixpro-line.godaddysites.com/
Fleri,https://joinfleri.com/
First Ascent Biomedical,https://firstascentbio.com/
EzSec,https://ezsec.org/
Exovolar Industries,https://exovolar.com/
Eventnoire,https://eventnoire.com/
Equipt,https://joinequipt.com/
Equatorial Space,https://equatorialspace.com/
Enreport,https://enreport.io/
ECGO,https://ecgo.co/
Duhqa,https://duhqa.com/
dolaGon,https://dolagon.com/
DiveThru,https://divethru.com/
Divercity,https://divercity.io/
DevNation,https://thedevnation.com/
Curastory,https://curastory.co/
CONCONNECT,https://conconnect.com/
Cohere Network,https://cohere.network/
Circle Labs,https://circlelabs.xyz/
CINEVVA,https://cinevva.com/
Chex.AI,https://chex.ai/
Chamba,https://lachamba.app/
Buoy Pricing,https://buoy.us/
Breakthru,https://sportshi.io/
Breakout Experiences,https://breakout.chat/
Branch Politics,https://branch.vote/
Bloominous,https://bloominous.com/
Arvist,https://arvist.ai/
BeAKid,https://beakid.com/
AWSM Sauce,https://awsmsauce.co/
Aware Health,https://awarehealth.io/
Augurisk,https://augurisk.com/
Athlytic,https://athlytic.io/
Armada IQ,https://armadaiq.com/
Allhers,https://forallhers.com/
Allegiant H2O,https://h2oallegiant.com/
Aleria,https://aleria.tech/
ABBY by GOGOTECH,https://gogotech.co/
Nickelytics,https://nickelytics.com/
Chroma Signet,https://chromasignet.com/
Flikshop,https://flikshop.com/
BioInteractive Technologies,https://biointeractivetech.com/
LaaSer Critical Communications,https://laaser911.com/
STACKEASE,https://eolrobotics.fr/
Crediometer,https://crediometer.com/
Workbnb,https://workbnbapp.com/
Loadzpro,https://loadzpro.com/
Wise Assistant,https://wiseassistant.com/
Hash App,https://hashvest.com/
Trip Slip,https://trytripslip.com/
Shophand,https://shophand.com/
Guideli,https://guideli.com/
Wellacy Health,https://bewellacy.com/
SneakPeek,https://snkpeek.app/
mokSa AI,https://moksa.ai/
Destined AI,https://destined.ai/
Craftle,https://craftle.app/
Coordle,https://coordleapp.com/
Container Deposit Fund,https://containerdepositfund.com/
Waggle,https://waggle.work/
Veba,https://vebababy.com/
Superpowers,https://gounicorngo.com/
SquadTrip,https://squadtrip.com/
Sproxxy,https://sproxxy.com/
SocialPreneur Lab,https://socialpreneurlab.org/
Ceemo.ai,https://perfectlypitched.co/
NGHBR,https://nghbr.app/
Movez,https://movez.com/
MeetYourClass,https://meetyourclass.com/
Luca,https://luca.africa/
Lerch,https://asklerch.com/
Le Ora,https://leora.world/
Laundr,https://laundr.io/
Kredete,https://kredete.com/
Kiri,https://kiritoys.com/
Inpathy,https://inpathy.co/
human,https://myhumanapp.com/
HomeFlow,https://tryhomeflow.com/
Hipclip,https://hipclip.ai/
Glou,https://glou.co/
Fitmania,https://getfitmania.com/
Ditch,https://ditch.io/
Cashpool,https://joinmypool.co/
Unpacking,https://unpacking.co/
MINWO,https://minwo.co/
Legal Equalizer,https://legalequalizer.com/
JusticeText,https://justicetext.com/
EMPOWRD,https://empowrd.com/
Leka,https://leka.io/
Stride,https://stride.ai/
GroupRaise,https://groupraise.com/
Pills2Me,https://pills2me.com/
Overture Games,https://overture.games/
Open to the offer,https://opentotheoffer.com/
ViewIT,https://viewit.ae/
GridLink,https://grid-link.co/
Perennial Paradigm,https://perennialmurals.com/
Conelabs,https://conelabs.ai/
Zencey,https://zencey.com/
xPub,https://xpub.ai/
TuneHatch,https://tunehatch.com/
VisualLabs AI,https://visuallabs.ai/
Syndacart,https://syndacart.com/
ProsumerGrid,https://prosumergrid.com/
Outlit,https://getoutlit.com/
MV Sales&Logistics,https://mvsalesandlogistics.com/
MedDefend,https://mymeddefend.com/
immersionED,https://immersioned.org/
Higheru,https://higheru.ai/
Blue Saturn,https://bluesaturn.io/
Asoba,https://asoba.co/
askMay,https://askmay.com/
AMPLY Discovery,https://amplydiscovery.com/
VacayHQ,https://vacayhq.com/
The CryptoMom™ App,https://thecryptomom.app/
Tactic.ly,https://tactic.ly/
Somnea Health,https://somnea.co/
Signoff,https://get-signoff.com/
PainNavigator,https://navigatemypain.com/
Memby,https://joinmemby.com/
LifeWeb 360,https://lifeweb360.com/
Early Intervention Systems,https://earlyinterventionsystems.com/
Apricotton,https://apricotton.ca/
Alleo.ai,https://alleo.ai/
Vitract,https://vitract.com/
Vesti Technologies,https://wevesti.com/
The Fetchery,https://thefetchery.com/
Smart MS3,https://smartms3.com/
Canopie,https://canopie.app/
Botnik Studios,https://botnik.org/
Lenme,https://lenme.com/
Maket Technologies,https://maket.ca/
Atlas AI,https://atlasai.co.uk/
Zumma,https://tuzumma.com/
Uils,https://uils.la/
Shaztra,https://shaztra.ai/
Periculum,https://periculum.io/
Pactta,https://pactta.app/
O,https://useoinc.com.br/
Nabu,https://nabu.io/
Moneo,https://moneo.cash/
miamarketplace,https://miamarketplace.com/
Marionette Aps,https://marionettexr.com/
Etiq AI,https://etiq.ai/
College Cash,https://yourcollegecash.com/
Cedience,https://cedience.com/
Banca.Me,https://banca.me/
Electronic Gaming Federation,https://egfederation.com/
TouchBase,https://touchbaseinc.com/
Column,https://joincolumn.com/
Greenfluidics,https://greenfluidics.com/
Payfi,https://payfi.ng/
Aya Holding,https://beta.ayagigs.com/
MCLedger,https://mcledger.fr/
MinersAI,https://minersai.com/
illuminem,https://illuminem.com/
We Make Change,https://wemakechange.org/
Propellane,https://propellane.eu/
Greena World,https://greena.world/
CarbonBright,https://carbonbright.co/
Canopey,https://canopey.com/
Ari Care,https://ari.shop/
Omnee,https://omnee.ca/
Asepha,https://asepha.ai/
Better Basics,https://betterbasics.co/
Apxlending,https://apxlending.com/
Weaver & Loom,https://weaverandloom.com/
AVIEW,https://aviewint.com/
Hover.direct,https://hover.direct/
FAIRLY AI,https://fairly.ai/
Vestinda,https://vestinda.com/
TEST JAR LABS,https://testjarlabs.com/
Reibase,https://reibase.rs/
Moja,https://withmoja.com/
Made with Black Culture,https://madewithblackculture.com/
hyphen,https://justhyphen.com/
ezWiFi,https://ezwi.fi/
Ephere Football,https://ephere.football/
Armur Ai,https://armur.ai/
WizDish,https://wizdish.com/
CModel Data,https://cmodel.io/
Vendeee,https://vendeee.com/
Myri Health,https://myrihealth.com/
Taro Finance,https://tarofi.io/
Smart Tracker,https://smarttracker.health/
RekFix,https://rekfix.com/
Nayak.ai,https://nayak.ai/
GrantVEST,https://grantvest.co/
Foresight Reporting,https://tryforesight.io/
Embark.live,https://embark.live/
Candidate Tools,https://candidatetools.com/
Brolly Africa,https://brolly.africa/
Rex Animal Health,https://rexanimalhealth.com/
CutStruct,https://livevend.com/
Reeple.ai,https://reeple.ai/
Starbem,https://starbem.app/
Oval,https://useoval.com/
Hulugram,https://hulugram.org/
Leadfy,https://leadfy.me/
ladder.africa,https://myladder.africa/
Seso Global,https://seso.global/
MPost,https://mpost.co.ke/
Young African Catalysts,https://yac.africa/
AdmitOffer,https://admitoffer.com/
Generable,https://generable.com/
MyCover.ai,https://mycover.ai/
Glade,https://glade.ng/
Swag Kicks,https://swag-kicks.com/
truQ,https://mytruq.com/
Gigmile,https://gigmile.com/
Emergency Response Africa,https://emergencyresponseafrica.com/
Bongalow,https://bongalow.com/
Blawesome,https://blawesome.life/
Blackcopper,https://blackcopper.io/
Halotrade,https://halotrade.io/
FEZ Delivery Co.,https://fezdelivery.co/
Renda,https://renda.co/
StageKeep,https://stagekeep.com/
Raenest,https://raenest.com/
Mamy Eyewear,https://mamy-eyewear.com/
LaborHack,https://laborhack.com/
Glover Technologies,https://gloverapp.co/
Ever.ca,https://ever.ca/
Trezeo,https://trezeo.com/
MARK Labs,https://marklabs.co/
Voxon Photonics,https://voxon.co/
Suplio,https://hometuls.co/
Star Kitchens Group,https://starkitchensgroup.com/
AltScore,https://altscore.ai/
Meat-O-Door,https://meattodoor.ae/
ZipLunch,https://ziplunch.com/
YieldX Solutions,https://yieldx.biz/
Wavelength,https://joinwavelength.com/
Torod,https://torod.co/
Tegarti,https://tegarti.com/
StrikesApp,https://trystrikes.com/
She Matters,https://shematters.health/
Seize,https://seizetheapp.io/
Sea Analytics,https://sea-analytics.com/
rfrd,https://rfrd.io/
Rexby,https://rexby.com/
Renbizz,https://renbizz.com/
Rejoicy,https://home.rejoicy.com/
Ovv.io,https://ovvio.io/
OptimusQ,https://optimusq.com/
OnEx Medical,https://medicalonex.com/
Much,https://usemuch.com/
Kinetic Global,https://llresponse.com/
Glamera,https://business.glamera.com/
gaga,https://gaga-app.com/
Freeflow,https://freeflow.dev/
Farm Holdings,https://farm.vc/
EZCheck.me,https://ezcheck.me/
EyeKnow,https://eyeknow.ai/
Edizeven,https://edizeven.com/
Ecocrumb,https://ecocrumb.app/
DawaFast,https://dawafast.com/
Autority.io,https://autority.io/
Autobia,https://auto.sa/
Answerbite,https://answerbite.com/
AlGooru,https://algooru.com/
Akibah Health,https://akibah.com/
AgadoLive,https://agadolive.com/
Adaptively Education,https://adaptivelyeducation.com/
Workathlon,https://workathlon.com/
Designlab,https://designlab.com/
Paranoid Fan,https://paranoidfan.com/
Playpower Labs,https://playpowerlabs.com/
GoChime,https://gochime.com/
FlexMinder,https://flexminder.com/
Alice's Table,https://alicestable.com/
GuestU,https://guestu.com/
Poptip,https://poptip.com/
fragPaul,https://frag-paul.de/
Jamii,https://jamiiafrica.com/
Kea Medicals,https://keamedicals.com/
CaptainVet,https://captainvet.com/
Sensobi,https://sensobi.com/
Reputize,https://reputize.co/
Palleter,https://palleter.com/
Joust Labs,https://joust.com/
tsenso,https://tsenso.com/
Upsuite,https://upsuite.com/
Honeyfi,https://honeyfi.com/
ProtoPixel,https://protopixel.io/
Thinkfuse,https://thinkfuse.com/
Speakbox,https://speakbox.ca/
SpaceView,https://space.vu/
Mentio Technologies,https://mentio.ca/
Townfolio,https://townfolio.ca/
The Tap Lab,https://thetaplab.com/
Tapglue,https://tapglue.com/
Teltoo,https://teltoo.com/
Leaf Global Fintech,https://leafglobalfintech.com/
Classics&Exotics,https://classicsandexotics.com/
Proof,https://proofgov.com/
Wander,https://days.am/
TeacherTalent,https://teachertalent.io/
BeeInstant,https://beeinstant.com/
Sqord,https://sqord.com/
Powerfull Technology Limited,https://powerfull.tech/
Lo Bio,https://lo-bio.com/
Ripple AI,https://getripple.ai/
Limber Technologies,https://limber.life/
Zeenah,https://zeenah.app/
TestSprite,https://testsprite.com/
SkiiMoo Tech,https://skiimootech.com/
Surgicure Technologies,https://surgicuretech.com/
Phare Labs,https://pharelabs.com/
Toothly AI,https://toothly.ai/
Savvy DeFi,https://savvydefi.io/
Anam.ai,https://anam.ai/
Trove,https://trovefinance.com/
Poliark,https://poliark.com/
Voovo,https://voovostudy.com/
Exchange Robotics,https://exchangerobotics.com/
Wedy,https://wedyapp.com/
Reportwell,https://reportwell.io/
OptimizeEV,https://optimizeev.com/
Everlong,https://geteverlong.com/
Konnected with Care,https://konnectedwithcare.us/
Repairit,https://repairit.ai/
Black and Mobile,https://blackandmobile.com/
Aphid,https://aphid.com/
AMP Beauty,https://ampbeautyla.com/
TradeWay,https://tradesaretheway.com/
Greenlit Labs,https://getgreenlit.xyz/
Everything Bagel,https://everythingbagel.ai/
Chargerzilla,https://chargerzilla.com/
Sparc,https://sparcopen.org/
Wscripted,https://wscripted.co/
Witching Hour,https://witchinghour.io/
We Are Here,https://wearehere.com/
Valuables,https://valuables.co/
Valarix,https://contaayuda.com/
Ultraview AI,https://ultraview.io/
SOTRO,https://getsotro.com/
Sequestr,https://sequestr.io/
Sentius,https://sentius.ai/
Semanttic,https://semanttic.com/
Secured Health,https://securedhealth.co/
Samara Aerospace,https://samaraaerospace.com/
Runway Health,https://runwayhealth.com/
Rubato,https://rubato.life/
ReviewTailor,https://reviewtailor.com/
Rally AI,https://gorally.ai/
PlugOp Technologies,https://plugop.com/
Perleybrook,https://perleybrook.com/
Pedal Data,https://pedaldata.com/
Pawpass,https://usepawpass.com/
Parcel AI,https://parcelai.co/
Painless Picasso,https://painlesspicasso.com/
nurtur,https://nurturteam.com/
Naria AI,https://naria.ai/
Moneiva,https://moneiva.com/
Mimrr,https://mimrr.com/
MediCircle,https://medicirclerx.com/
Lucky Juicebox,https://luckyjuicebox.com/
LoneReport,https://lonereport.com/
IrisMed,https://irismed.co/
Inverto Tech,https://inverto.tech/
INSPIRR,https://inspirr.io/
HBCUMADE,https://hbcumade.app/
Gilly,https://ongilly.com/
GenoBank.io,https://genoverse.io/
Epicurate,https://epicurate.vip/
Dillon Digitals,https://dillondigitals.com/
Dig Robotics,https://digrobotics.com/
Craftmerce,https://craftmerce.com/
bTECH,https://btechls.com/
Brainbot,https://brainbot.co/
Blomso,https://agri-bloom.com/
Blended Edge,https://blendededge.com/
Besample,https://besample.app/
Aurgin,https://aurgin.com/
Asclepius Health,https://tryasclepius.com/
Artizen,https://artizen.fund/
Tuily,https://tuily.com/
Trusted Copy,https://trustedcopy.com/
Superfan,https://superfan.social/
SkinnyTax,https://skinny.tax/
Redvest App,https://redvest.app/
Orbital Arc,https://orbitalarc.com/
NKA Bio,https://nkabio.com/
NeuroX1,https://neurox1.com/
Miphic,https://miphic.co/
Maiven Energy,https://askmaiven.com/
Lantern Finance,https://lantern.finance/
Joltsynsor,https://joltsynsor.com/
Intrinsic Power,https://intrinsicpower.com/
Intellectible,https://intellectible.com/
Innerlogic,https://innerlogic.com/
H+Trace,https://h-trace.com/
Gravl,https://gravl.io/
Fire Memos,https://firememos.com/
D.Sole,https://d-sole.com/
Drivingo,https://drivingo.io/
docufi,https://docufi.ai/
CranioSense,https://craniosense.com/
Complya,https://complya.ai/
Circle+,https://circleplus.xyz/
Cerbrec,https://cerbrec.com/
Centinel,https://yourcentinel.com/
Carbo Energy,https://carbo.energy/
BuildrFi,https://buildrfi.com/
Bohamo,https://bohamoai.com/
AutoMetrics,https://autometrics.ca/
Astronuts,https://astronuts.io/
Afrigility,https://afrigility.com/
Ada IQ,https://adaiq.com/
8Ai,https://8lab.ai/
plain.,https://plain-service.com/
Trainizi,https://trainizi.com/
SHION,https://shion.at/
Loto Punto,https://lotopunto.negocio.site/
Candlelit Care,https://candlelitcare.com/
Moya Aero,https://moyaaero.com/
Lounn MX,https://lounn.mx/
Depay,https://depayapp.com/
Empowering Apps Platform,https://letmedoit.org/
ZimaGo,https://zimago.co/
Running Mate Corp,https://runningmatecorp.com/
CampusLush,https://campuslush.com/
Auralyze.ai,https://auralyze.ai/
Dev.f,https://devf.la/
Cloud Fence,https://cloud-fence.com/
Codarica,https://codarica.com/
MakieLab,https://makielab.com/
ManCTL,https://manctl.com/
Yave,https://yave.io/
PLENO,https://pleno.earth/
ProofSpace,https://proofspace.id/
G2Q Computing,https://g2qcomputing.com/
Acuicy,https://acuicy.com/
Raiz,https://raiz.farm/
GST DAO,https://gstdao.com/
Intuos,https://intuos.it/
NUBO,https://newurbanoffice.com/
Cariqa,https://cariqa.com/
Citera,https://citera.ai/
Biomod AI,https://biomodai.com/
SylloTips,https://syllotips.com/
Bestie Bite,https://bestiebite.it/
Reviway,https://reviway.com/
Glidera,https://glidera.io/
SimpleRelevance,https://simplerelevance.com/
Talio Labs,https://talio.co/
Pickie,https://pickie.com/
MartMobi Technologies,https://martmobi.com/
Lumatic,https://lumatic.com/
Lore,https://lore.com/
FAM,https://fam.live/
Laveem,https://laveem.com/
ImpulseSave,https://impulsesave.com/
Flextrip,https://flextrip.com/
ZIIBRA,https://ziibra.com/
Tribe,https://tribe.do/
The Shared Web,https://useframe.com/
Qunb,https://qunb.com/
Prediculous,https://prediculous.com/
Maptia,https://maptia.com/
Colatris,https://usejargon.com/
Chapter,https://askchapter.org/
CartCrunch,https://cartcrunch.com/
Educhain,https://educhain.io/
Nodesmith,https://nodesmith.io/
Apostrophe,https://apostrophehealth.com/
Foodzie,https://foodzie.com/
MadKast,https://madkast.com/
LuDela,https://ludela.com/
Flutter Care,https://fluttercare.com/
Inside Social,https://insidesocial.com/
eyecandylab,https://eyecandylab.com/
Salaryo,https://salaryo.com/
Prospectify,https://prospectify.io/
Dossier,https://trydossier.com/
Medicast,https://medicast.com/
Fosbury,https://fosbury.co/
Jargon.com,https://jargon.com/
DataBlade,https://datablade.io/
Saeidan,https://saeidan.com/
SocialCrunch,https://socialcrunch.com/
Corr.BI,https://corrbi.com/
LivNao,https://livnao.com/
The Fuel Matrix,https://thefuelmatrix.com/
Think Outside,https://thinkoutside.no/
Crowsnest,https://crowsnest.io/
Pathful,https://pathful.com/
SnapEngage,https://snapengage.com/
Inscope Medical Solutions,https://inscopemedical.com/
Hotelhero,https://hotelhero.tech/
Oneforty,https://oneforty.com/
QuantShip,https://quantship.ai/
Noir Food,https://noirfood.com/
Staq,https://staq.io/
Fetchnotes,https://fetchnotes.com/
Spruce,https://spruce.me/
The Mentor Method,https://thementormethod.com/
Percepta Labs,https://percepta.ai/
Klooff,https://klooff.com/
Daily Pnut,https://dailypnut.com/
StatsMix,https://statsmix.com/
Using Miles,https://usingmiles.com/
Sorry As A Service,https://sorryasaservice.com/
GoMiles,https://gomiles.com/
Mammoth Water,https://mammothwater.com/
MarketVibe,https://marketvibe.com/
Litimetrics,https://litimetrics.com/
Shopturn,https://shopturn.co/
Walkthrough,https://getawalkthrough.com/
Girbil,https://unbird.com/
Fyyne,https://fyyne.com/
CoachBase,https://coachbase.com/
WeDeliver,https://wedeliver.us/
Knowtify,https://knowtify.io/
NMRKT,https://nmrkt.com/
AccelGolf,https://accelgolf.com/
Fortified Bicycle,https://fortifiedbike.com/
PierceMatrix,https://piercematrix.com/
Cassiopeia,https://cassiopeia.tech/
SmallKnot,https://smallknot.com/
FirstDerm,https://firstderm.com/
Magnet,https://usemagnet.com/
acuteIQ,https://acuteiq.com/
Clyp,https://clyp.it/
Aimo,https://aimo.co/
Karma,https://yourkarma.com/
HeySuper,https://heysuper.com/
Voray,https://voray.com/
Hoard,https://hoardspot.com/
Tekkers,https://ernestoreza.com/
PairAnything,https://pairanything.com/
Switchgrid,https://switchgrid.tech/
Shur,https://shur.co/
Positive Finance,https://positive.finance/
Verificient Technologies,https://verificient.com/
Social Lender,https://sociallenderng.com/
Akdemia,https://akdemia.com/
Arc Simulations,https://arcsim.io/
OtterSpace,https://inotterspace.com/
Lola Vision Systems,https://lolavisionsystems.com/
Frictionless Technologies Ltd,https://bankpay.to/
Home Game,https://hmgm.io/
RideCommerce,https://ridecommerce.co/
CodSpeed,https://codspeed.io/
CREWASIS,https://crewasis.ai/
Space Redi,https://spaceredi.com/
Rombo,https://rombo.ooo/
Story Spark,https://storyspark.ai/
Seek Health AI,https://seekhealth.ai/
YEESMA SARL,https://yeesma.com/
SaaS Vortex,https://saasvortex.com/
Context Data,https://contextdata.ai/
scale.jobs,https://scale.jobs/
CellON,https://cellon.one/
Namara Water Technologies,https://namarawater.ai/
OpenLaw,https://getopenlaw.com/
Plainr.io,https://plainr.io/
Narval,https://narvalbio.com/
Orakle Weather,https://orakleweather.com/
Ranked® Media & Technologies,https://ranked.technology/
CliniSpan Health,https://clinispanhealth.com/
The Colony,https://thecolony.xyz/
Millicent,https://millicent.io/
ClubReq,https://clubreq.com/
HyWatts,https://hywatts.com/
Vita Innovations,https://vitainnovations.co/
Reelist,https://reelist.com/
Kimba,https://kimba.ai/
Adomo Health,https://adomohealth.com/
Upsteer,https://upsteer.io/
Olli Health,https://ollihomehealth.ai/
offe market,https://offe.market/
NexMeter,https://nexmeter.com/
Plata,https://conplata.com/
Komi,https://eatkomi.com/
caspa AI,https://caspa.ai/
Aspect Health,https://aspect-health.com/
Xsauce,https://xsauce.io/
Verifi Data Corp.,https://verifi.eco/
Value Buddy,https://hellovaluebuddy.com/
Trinium Labs,https://triniumlabs.com/
TimeSentry,https://timesentry.ai/
TERAL,https://teralmed.com/
Regfyl,https://regfyl.com/
Pitchtape,https://pitchtape.com/
Magueyexchange,https://magueyexchange.com/
LocumDoc,https://locumdoc.io/
Lexir,https://lexir.com/
korzo,https://korzo.com/
Knolly,https://knolly.ai/
IQLAND,https://iqland.ai/
IAMBIC,https://iambic.co/
Goby Homes,https://gobyhomes.com/
Fllite,https://fllite.com/
Currents,https://findcurrents.com/
Crema,https://crema.cm/
CloudNine Augmented Intelligence,https://cloudnineai.com/
Cicada,https://cicadamusic.net/
Brightlines,https://brightlin.es/
Afford Healthcare,https://afford.health/
3DSolar,https://3dsolar.co/
Thirdopinion,https://thirdopinion.io/
Turing School,https://turing.edu/
Creative Futures Collective,https://creativefuturescollective.com/
LinkBycar,https://linkbycar.com/
The AI Education Project,https://aiedu.org/
Frak,https://sybel.co/
Alba Robot,https://alba-robot.com/
Access Mode,https://accessmode.org/
Almakhfi,https://almakhfi.com/
Weflawless,https://weflawless.co/
Juntos2College,https://juntoscommunity.org/
Gymnasio,https://gymnasio.it/
Family+Happy,https://babysitter.familyhappy.it/
Coherent API,https://coherent.sh/
Blink Last Mile,https://blinklastmile.com/
Blerp,https://blerp.com/
AdvanceEDU,https://myadvanceedu.org/
Cloudasta,https://cloudasta.com/
